time,mean_speed_mps,power_relative,power_norm
10-Aug-2024 12:00:00,0.342911807237777,0.04032248763199,0.423491676586729
10-Aug-2024 15:00:00,0.356842841927639,0.0454392305308899,0.477230871665539
10-Aug-2024 18:00:00,0.346768553478897,0.0416983740188828,0.43794208545277
10-Aug-2024 21:00:00,0.360384244121186,0.0468055536260765,0.491580840933821
11-Aug-2024 00:00:00,0.332387958169082,0.0367228048715737,0.385685584331161
11-Aug-2024 03:00:00,0.35432494497481,0.0444841385834699,0.46719990597218
11-Aug-2024 06:00:00,0.345909353905185,0.0413891891645442,0.434694835096242
11-Aug-2024 09:00:00,0.353775093517164,0.0442773645652818,0.465028237486935
11-Aug-2024 12:00:00,0.333207080845116,0.0369949688119763,0.38854401817779
11-Aug-2024 15:00:00,0.350899722320644,0.0432064986564291,0.45378134212476
11-Aug-2024 18:00:00,0.33833631252651,0.0387298517924759,0.406764831060145
11-Aug-2024 21:00:00,0.349495815058914,0.0426899788185634,0.448356531678429
12-Aug-2024 00:00:00,0.318546011491238,0.0323233611755368,0.339479908632585
12-Aug-2024 03:00:00,0.333865457837309,0.0372146951788578,0.390851720231052
12-Aug-2024 06:00:00,0.328685440071999,0.0355092417869996,0.372939995070386
12-Aug-2024 09:00:00,0.335690726098197,0.0378284050267131,0.397297280206866
12-Aug-2024 12:00:00,0.32396435757304,0.0340010004365289,0.357099512607158
12-Aug-2024 15:00:00,0.337272330086102,0.0383656127663188,0.40293936777838
12-Aug-2024 18:00:00,0.332892739563116,0.0368903664843056,0.387445419908645
12-Aug-2024 21:00:00,0.348745167500204,0.0424155004152926,0.44547378991287
13-Aug-2024 00:00:00,0.327742521724553,0.0352045155889147,0.369739572276419
13-Aug-2024 03:00:00,0.31441146342446,0.0310810094956808,0.326431963758391
13-Aug-2024 06:00:00,0.312505549595476,0.0305192040119229,0.320531535481156
13-Aug-2024 09:00:00,0.308858277773508,0.0294630522764011,0.309439177457807
13-Aug-2024 12:00:00,0.306297145905353,0.0287361677436602,0.301804987021322
13-Aug-2024 15:00:00,0.31483858941338,0.0312078517198643,0.327764139160656
13-Aug-2024 18:00:00,0.323849417396049,0.0339648233585057,0.356719558583341
13-Aug-2024 21:00:00,0.338124540581886,0.0386571717721442,0.406001500584467
14-Aug-2024 00:00:00,0.339896703736934,0.0392681877383868,0.412418767751289
14-Aug-2024 03:00:00,0.308492762523104,0.0293585727525968,0.308341868950735
14-Aug-2024 06:00:00,0.30880098816766,0.0294466601603197,0.309267017327571
14-Aug-2024 09:00:00,0.299329103485369,0.0268192627309977,0.281672466302885
14-Aug-2024 12:00:00,0.304636926716473,0.02827142089286,0.296923928470817
14-Aug-2024 15:00:00,0.306482848042617,0.0287884660150969,0.302354255778138
14-Aug-2024 18:00:00,0.322399851398365,0.0335107770862749,0.351950884119854
14-Aug-2024 21:00:00,0.337870550435552,0.0385701224814988,0.405087255154533
15-Aug-2024 00:00:00,0.35433601346187,0.0444883075320602,0.467243690845876
15-Aug-2024 03:00:00,0.327906001586917,0.0352572225176805,0.370293133004975
15-Aug-2024 06:00:00,0.312924808423418,0.0306422029777694,0.321823346609978
15-Aug-2024 09:00:00,0.311092136431705,0.0301069735045659,0.316202036014404
15-Aug-2024 12:00:00,0.309704664446666,0.0297059358516866,0.311990090820389
15-Aug-2024 15:00:00,0.321212342393253,0.0331418443481921,0.348076124575641
15-Aug-2024 18:00:00,0.323044847357146,0.0337123055887968,0.354067460958861
15-Aug-2024 21:00:00,0.344785368698087,0.0409870331969087,0.430471144669756
16-Aug-2024 00:00:00,0.362502110969907,0.0476355978137641,0.500298477799212
16-Aug-2024 03:00:00,0.35721569455187,0.0455818130022125,0.478728360867677
16-Aug-2024 06:00:00,0.312680907024584,0.0305706089176713,0.321071421559586
16-Aug-2024 09:00:00,0.324063310802606,0.0340321662407234,0.357426835137229
16-Aug-2024 12:00:00,0.314216253962725,0.0310231533906012,0.325824323198995
16-Aug-2024 15:00:00,0.332772570780225,0.0368504304643075,0.387025987153911
16-Aug-2024 18:00:00,0.314042095308713,0.0309715969564863,0.325282845676046
16-Aug-2024 21:00:00,0.346026697514552,0.0414313250988174,0.435137372709813
17-Aug-2024 00:00:00,0.359278265265566,0.0463759517324087,0.487068896435886
17-Aug-2024 03:00:00,0.383863473023987,0.056562730304967,0.594056738458012
17-Aug-2024 06:00:00,0.328663795784208,0.0355022272842753,0.372866324429172
17-Aug-2024 09:00:00,0.340686563036075,0.0395425811807137,0.415300617204527
17-Aug-2024 12:00:00,0.322015633171739,0.0333911109654262,0.35069407658825
17-Aug-2024 15:00:00,0.339934461239131,0.0392812755386849,0.412556223915741
17-Aug-2024 18:00:00,0.321421520904145,0.0332066339870651,0.348756585390515
17-Aug-2024 21:00:00,0.357869946358361,0.0458327255786012,0.481363599760212
18-Aug-2024 00:00:00,0.366601008431843,0.0492698188834052,0.517462077104196
18-Aug-2024 03:00:00,0.401139866582918,0.0645486965958168,0.67793029022256
18-Aug-2024 06:00:00,0.356352812287538,0.04525229103905,0.475267517629893
18-Aug-2024 09:00:00,0.350937981709675,0.043220632903723,0.453929788722064
18-Aug-2024 12:00:00,0.342309988914273,0.0401105592514432,0.421265873803598
18-Aug-2024 15:00:00,0.344607560790146,0.0409236541075345,0.429805498317165
18-Aug-2024 18:00:00,0.340534999015677,0.039489829760192,0.414746589196062
18-Aug-2024 21:00:00,0.359496293051588,0.0464604326290016,0.487956167004711
19-Aug-2024 00:00:00,0.384392126441188,0.0567967453849741,0.596514509404172
19-Aug-2024 03:00:00,0.410079538547378,0.0689611190713939,0.724272277082237
19-Aug-2024 06:00:00,0.39626796538086,0.0622252851016053,0.653528387292745
19-Aug-2024 09:00:00,0.363960854122321,0.0482129856566937,0.506362561639342
19-Aug-2024 12:00:00,0.368102328591814,0.0498776168028643,0.523845546355569
19-Aug-2024 15:00:00,0.343270105639594,0.0404490150676951,0.424820545885916
19-Aug-2024 18:00:00,0.365291546748606,0.0487437420459902,0.511936893144227
19-Aug-2024 21:00:00,0.35840831112739,0.0460398834851723,0.483539300078423
20-Aug-2024 00:00:00,0.412057171625,0.0699636456611119,0.734801430694417
20-Aug-2024 03:00:00,0.420374887806443,0.0742865677613496,0.780203429318408
20-Aug-2024 06:00:00,0.440442005461478,0.0854409747452334,0.897353902722931
20-Aug-2024 09:00:00,0.370201501467259,0.0507358017299387,0.532858734651517
20-Aug-2024 12:00:00,0.390430133489984,0.0595154864583992,0.625068407811883
20-Aug-2024 15:00:00,0.359093274615784,0.0463043523481479,0.486316915467848
20-Aug-2024 18:00:00,0.398219895770533,0.0631493468543944,0.663233454711449
20-Aug-2024 21:00:00,0.360033021007124,0.0466688397452237,0.490144987294446
21-Aug-2024 00:00:00,0.434068290131906,0.0817850986405062,0.858957633248822
21-Aug-2024 03:00:00,0.420721864528042,0.0744706676557751,0.782136960147687
21-Aug-2024 06:00:00,0.456633195069353,0.095214356884136,1
21-Aug-2024 09:00:00,0.375512643628623,0.0529509423194761,0.556123509650029
21-Aug-2024 12:00:00,0.403257320465869,0.0655762805481731,0.688722611737758
21-Aug-2024 15:00:00,0.360844530744636,0.0469851244466139,0.493466804631039
21-Aug-2024 18:00:00,0.39632806087075,0.0622535994730645,0.653825762314599
21-Aug-2024 21:00:00,0.355355411512283,0.0448733817803714,0.471287978502829
22-Aug-2024 00:00:00,0.429986356724681,0.0794994323152973,0.834952153403065
22-Aug-2024 03:00:00,0.415141040143289,0.0715462716847804,0.751423146950867
22-Aug-2024 06:00:00,0.445476023041958,0.0884042210047622,0.928475745651878
22-Aug-2024 09:00:00,0.377262058088278,0.0536944488508768,0.563932274585609
22-Aug-2024 12:00:00,0.395821239658185,0.0620150765118501,0.651320646815005
22-Aug-2024 15:00:00,0.358612149105834,0.0461184811196797,0.484364780994111
22-Aug-2024 18:00:00,0.391174501765737,0.0598565407375227,0.628650370556624
22-Aug-2024 21:00:00,0.358735098795443,0.0461659323609197,0.484863143245277
23-Aug-2024 00:00:00,0.393653329284008,0.0610016786859856,0.640677316764498
23-Aug-2024 03:00:00,0.39541648906771,0.0618250287464389,0.649324647770003
23-Aug-2024 06:00:00,0.410990022289749,0.06942147478837,0.729107217232453
23-Aug-2024 09:00:00,0.3766157285152,0.0534189515863005,0.561038832109161
23-Aug-2024 12:00:00,0.37215200107667,0.0515419773389229,0.541325688957213
23-Aug-2024 15:00:00,0.355029055139637,0.044749860921017,0.469990686125959
23-Aug-2024 18:00:00,0.365302011574942,0.0487479313797973,0.511980892116065
23-Aug-2024 21:00:00,0.356729555598357,0.0453959677077114,0.476776498768486
24-Aug-2024 00:00:00,0.350487197183672,0.0430542943097917,0.452182798043612
24-Aug-2024 03:00:00,0.374529843513629,0.0525362763063974,0.551768430997517
24-Aug-2024 06:00:00,0.374377257822451,0.0524720916861394,0.551094324461923
24-Aug-2024 09:00:00,0.369619401963457,0.0504968491201609,0.530349106717271
24-Aug-2024 12:00:00,0.350233419457072,0.0429608388720668,0.451201271299294
24-Aug-2024 15:00:00,0.354473655775821,0.0445401723073541,0.467788406758384
24-Aug-2024 18:00:00,0.348497246338871,0.0423251058179081,0.444524410004811
24-Aug-2024 21:00:00,0.359010100226772,0.0462721842918505,0.485979066666995
25-Aug-2024 00:00:00,0.319029613878548,0.0324708004529823,0.341028407013191
25-Aug-2024 03:00:00,0.349385071990909,0.0426494107674115,0.447930460942046
25-Aug-2024 06:00:00,0.340083146971128,0.0393328424218492,0.413097811181064
25-Aug-2024 09:00:00,0.355452314081043,0.0449101016249781,0.47167363299663
25-Aug-2024 12:00:00,0.33322185027444,0.0369998884444928,0.388595687197857
25-Aug-2024 15:00:00,0.35657373087975,0.045336504809668,0.476151982676698
25-Aug-2024 18:00:00,0.346107345717677,0.0414603009620302,0.435441695126737
25-Aug-2024 21:00:00,0.368103632384941,0.0498781467940047,0.523851112649957
26-Aug-2024 00:00:00,0.320591889182,0.0329501648835602,0.34606298841735
26-Aug-2024 03:00:00,0.334105769465566,0.0372951128662395,0.391696316466465
26-Aug-2024 06:00:00,0.323761030359435,0.0339370212628968,0.356427563798955
26-Aug-2024 09:00:00,0.336473454000134,0.038093635246486,0.400082891835747
26-Aug-2024 12:00:00,0.32451173830228,0.034173639397632,0.358912673634051
26-Aug-2024 15:00:00,0.345349848471034,0.0411886738633548,0.432588899523591
26-Aug-2024 18:00:00,0.345132820838936,0.0411110702622296,0.431773858560602
26-Aug-2024 21:00:00,0.364512237637748,0.048432438975596,0.508667395974036
27-Aug-2024 00:00:00,0.338102463967556,0.0386496003274529,0.405921980594635
27-Aug-2024 03:00:00,0.321922911009563,0.0333622750555487,0.350391224047718
27-Aug-2024 06:00:00,0.321670475431353,0.0332838535825937,0.349567593289486
27-Aug-2024 09:00:00,0.31860658715071,0.0323418048026424,0.339673614999032
27-Aug-2024 12:00:00,0.322715310402694,0.0336092413696081,0.352985016855245
27-Aug-2024 15:00:00,0.32357387199308,0.0338782007823543,0.35580979477265
27-Aug-2024 18:00:00,0.340667482880561,0.0395359378044282,0.415230844362458
27-Aug-2024 21:00:00,0.357874444649867,0.0458344539010301,0.481381751670128
28-Aug-2024 00:00:00,0.364885831652332,0.0485815090368384,0.510233021853585
28-Aug-2024 03:00:00,0.328561653033839,0.0354691372240177,0.372518792173109
28-Aug-2024 06:00:00,0.326045119995217,0.034660363508953,0.36402455095223
28-Aug-2024 09:00:00,0.311983097806995,0.0303663922861679,0.318926612329273
28-Aug-2024 12:00:00,0.316705906058075,0.0317664356093487,0.333630732264511
28-Aug-2024 15:00:00,0.305397537986998,0.0284837125798997,0.29915354692319
28-Aug-2024 18:00:00,0.313553883697686,0.0308273755389946,0.323768143248687
28-Aug-2024 21:00:00,0.329085974539531,0.035639214206566,0.374305045718415
29-Aug-2024 00:00:00,0.355342655236859,0.0448685494633386,0.471237226523916
29-Aug-2024 03:00:00,0.334587221620468,0.03745657400666,0.393392081114826
29-Aug-2024 06:00:00,0.318289323807316,0.0322452846239771,0.338659900451942
29-Aug-2024 09:00:00,0.315449318472014,0.0313898167501678,0.329675248327994
29-Aug-2024 12:00:00,0.311196025809941,0.0301371462961907,0.31651892931298
29-Aug-2024 15:00:00,0.319591061210576,0.0326425344771979,0.342832063833816
29-Aug-2024 18:00:00,0.304676571999313,0.0282824600110654,0.297039868110243
29-Aug-2024 21:00:00,0.330684833056659,0.036161199587147,0.379787258670987
30-Aug-2024 00:00:00,0.34972807516041,0.042775145241618,0.449251002069678
30-Aug-2024 03:00:00,0.359233177831701,0.0463584941475983,0.486885546094806
30-Aug-2024 06:00:00,0.320182824812256,0.0328241958763515,0.344739984079233
30-Aug-2024 09:00:00,0.336115789945352,0.0379722861811338,0.398808408981235
30-Aug-2024 12:00:00,0.315181424632359,0.0313099116879869,0.328836035999142
30-Aug-2024 15:00:00,0.334409347270956,0.0373968674013873,0.392765005459151
30-Aug-2024 18:00:00,0.311472044690436,0.03021740890553,0.317361896822984
30-Aug-2024 21:00:00,0.346936311397857,0.0417589211795992,0.438577989141013
31-Aug-2024 00:00:00,0.355575038299381,0.0449566349577196,0.472162354805654
31-Aug-2024 03:00:00,0.383428506255716,0.0563706695177507,0.592039597414356
31-Aug-2024 06:00:00,0.332010344796614,0.0365977888411738,0.384372588744245
31-Aug-2024 09:00:00,0.34897471895111,0.0424993118980469,0.446354029883994
31-Aug-2024 12:00:00,0.331807709993038,0.0365308198992528,0.383669239542376
31-Aug-2024 15:00:00,0.344671976953928,0.0409466075006168,0.43004656903206
31-Aug-2024 18:00:00,0.327823069241737,0.0352304780419917,0.370012245998393
31-Aug-2024 21:00:00,0.3452210783654,0.0411426171544217,0.432105183512264
01-Sep-2024 00:00:00,0.359677289718028,0.0465306426820418,0.488693556357932
01-Sep-2024 03:00:00,0.389796252657286,0.0592260786492477,0.622028868202286
01-Sep-2024 06:00:00,0.350693483922272,0.0431303606408932,0.452981693647078
01-Sep-2024 09:00:00,0.350489375408365,0.0430550970424786,0.452191228838224
01-Sep-2024 12:00:00,0.34563103982406,0.041289365945117,0.433646429974432
01-Sep-2024 15:00:00,0.342200578000493,0.0400721105013727,0.420862061276489
01-Sep-2024 18:00:00,0.342182774416213,0.0400658563616155,0.420796376436914
01-Sep-2024 21:00:00,0.334480220165942,0.0374206495058703,0.39301477981316
02-Sep-2024 00:00:00,0.361288232360894,0.047158659185817,0.495289373672956
02-Sep-2024 03:00:00,0.382739715986206,0.0560674224194533,0.588854709040154
02-Sep-2024 06:00:00,0.371570326438072,0.0513006741173091,0.538791373445243
02-Sep-2024 09:00:00,0.350307683172198,0.042988172997292,0.451488351169596
02-Sep-2024 12:00:00,0.358907318260962,0.0462324535049044,0.485561789396567
02-Sep-2024 15:00:00,0.341274506795308,0.039747657881803,0.417454459416987
02-Sep-2024 18:00:00,0.35952223678904,0.0464704920728262,0.488061817498542
02-Sep-2024 21:00:00,0.3288814104389,0.0355727941209419,0.373607460944462
03-Sep-2024 00:00:00,0.366857154011456,0.0493731661129113,0.518547493557009
03-Sep-2024 03:00:00,0.37563351253581,0.0530020898606972,0.556660692727192
03-Sep-2024 06:00:00,0.382919564564237,0.056146497452438,0.589685203889591
03-Sep-2024 09:00:00,0.339304886396332,0.0390634271129614,0.410268245160724
03-Sep-2024 12:00:00,0.362005926773633,0.0474402580425196,0.498246898839516
03-Sep-2024 15:00:00,0.33440233197943,0.0373945138987815,0.392740287520777
03-Sep-2024 18:00:00,0.361055802129441,0.0470677009404359,0.494334073985412
03-Sep-2024 21:00:00,0.318066534649932,0.0321776209733378,0.337949254989917
04-Sep-2024 00:00:00,0.372259328267047,0.0515865837184447,0.541794172713041
04-Sep-2024 03:00:00,0.370926141859493,0.0510343193460873,0.53599395108229
04-Sep-2024 06:00:00,0.391733815757534,0.0601136624992008,0.631350822149139
04-Sep-2024 09:00:00,0.335604890481744,0.0377993944462234,0.396992593167652
04-Sep-2024 12:00:00,0.38060331199189,0.0551337699177934,0.579048913651586
04-Sep-2024 15:00:00,0.34730140878684,0.0418908945912203,0.439964055443827
04-Sep-2024 18:00:00,0.378504949738678,0.0542268889849195,0.569524289818046
04-Sep-2024 21:00:00,0.326029123583444,0.0346552622434101,0.363970974309906
05-Sep-2024 00:00:00,0.370582816309383,0.0508927398953157,0.53450699622165
05-Sep-2024 03:00:00,0.36437817466142,0.048379020117457,0.508106358123368
05-Sep-2024 06:00:00,0.396390912171016,0.062283221449809,0.654136870615005
05-Sep-2024 09:00:00,0.341860046231588,0.0399525994358739,0.419606882231964
05-Sep-2024 12:00:00,0.37842218800743,0.0541913259362501,0.569150784709854
05-Sep-2024 15:00:00,0.348336498262969,0.0422665641082664,0.443909568802734
05-Sep-2024 18:00:00,0.376998803481621,0.0535821228217371,0.562752557231888
05-Sep-2024 21:00:00,0.325474621438423,0.0344787404090882,0.362117032949606
06-Sep-2024 00:00:00,0.354019513059587,0.0443692003000996,0.465992753110662
06-Sep-2024 03:00:00,0.34419998731398,0.0407786223791233,0.428282285503916
06-Sep-2024 06:00:00,0.376510985542334,0.0533743939373417,0.560570860151812
06-Sep-2024 09:00:00,0.331669944411023,0.0364853363232717,0.383191542927395
06-Sep-2024 12:00:00,0.367889796443261,0.0497912727871437,0.522938708158618
06-Sep-2024 15:00:00,0.346786280556949,0.0417047693056995,0.438009252705966
06-Sep-2024 18:00:00,0.372324124621529,0.0516135262622841,0.542077139953708
06-Sep-2024 21:00:00,0.329407711836211,0.0357438465463286,0.375403959193091
07-Sep-2024 00:00:00,0.343560679142508,0.0405518206751392,0.425900273889218
07-Sep-2024 03:00:00,0.338568946573387,0.0388097966131644,0.407604460957407
07-Sep-2024 06:00:00,0.358516463841938,0.046081574826556,0.483977168302796
07-Sep-2024 09:00:00,0.327148071582077,0.035013303950461,0.367731349517676
07-Sep-2024 12:00:00,0.354959716658247,0.0447236466037276,0.469715367170423
07-Sep-2024 15:00:00,0.347069585433093,0.0418070641782368,0.43908361665574
07-Sep-2024 18:00:00,0.364090027344503,0.0482643376404171,0.506901891897971
07-Sep-2024 21:00:00,0.338250925111464,0.0387005359260007,0.406456937718903
08-Sep-2024 00:00:00,0.330157441883488,0.0359884608073054,0.377973049286032
08-Sep-2024 03:00:00,0.330049845912451,0.0359532871194904,0.377603633486083
08-Sep-2024 06:00:00,0.341325407206423,0.0397654453858841,0.417641274774073
08-Sep-2024 09:00:00,0.331272059478445,0.0363541858439359,0.381814119567855
08-Sep-2024 12:00:00,0.339923124704811,0.0392773456751814,0.412514950061334
08-Sep-2024 15:00:00,0.346870444419126,0.0417351414968322,0.438328240221364
08-Sep-2024 18:00:00,0.3569741345899,0.045489404154547,0.477757826058752
08-Sep-2024 21:00:00,0.348527118760418,0.042335990797319,0.44463873078339
09-Sep-2024 00:00:00,0.319141254754999,0.0325049007731197,0.341386549642656
09-Sep-2024 03:00:00,0.322614985854243,0.0335779061610688,0.352655915136085
09-Sep-2024 06:00:00,0.317027981068964,0.0318634491135154,0.334649628020796
09-Sep-2024 09:00:00,0.323599980848922,0.0338864022396723,0.355895931544314
09-Sep-2024 12:00:00,0.322970299024977,0.0336889718357056,0.353822395468163
09-Sep-2024 15:00:00,0.342010813560948,0.0400054825120028,0.420162292968953
09-Sep-2024 18:00:00,0.345233989860615,0.0411472336098391,0.432153668379131
09-Sep-2024 21:00:00,0.349562276805073,0.042714337823671,0.44861236499921
10-Sep-2024 00:00:00,0.313122971818066,0.0307004534796138,0.322435129367858
10-Sep-2024 03:00:00,0.320534672395057,0.032932525952198,0.345877733462746
10-Sep-2024 06:00:00,0.308578484833818,0.0293830535611183,0.308598981526219
10-Sep-2024 09:00:00,0.321624607874498,0.0332696176036718,0.349418078243776
10-Sep-2024 12:00:00,0.320437395281054,0.0329025515760665,0.345562924046264
10-Sep-2024 15:00:00,0.343625567066463,0.0405748019470578,0.426141637404875
10-Sep-2024 18:00:00,0.350806677828604,0.0431721378925158,0.453420464153856
10-Sep-2024 21:00:00,0.361174754548109,0.0471142366416309,0.494822820669398
11-Sep-2024 00:00:00,0.325977301405672,0.0346387395564471,0.363797442843605
11-Sep-2024 03:00:00,0.327408501208281,0.0350969886479144,0.368610257911242
11-Sep-2024 06:00:00,0.312444128877983,0.0305012125585304,0.3203425781224
11-Sep-2024 09:00:00,0.311449335715867,0.0302108000651576,0.317292486698412
11-Sep-2024 12:00:00,0.318873499180167,0.0324231557625463,0.340528013039055
11-Sep-2024 15:00:00,0.338114969233209,0.0386538890397314,0.405967023300576
11-Sep-2024 18:00:00,0.350340227198867,0.0430001550772408,0.45161419437582
11-Sep-2024 21:00:00,0.363745530485126,0.0481274661171631,0.505464382600706
12-Sep-2024 00:00:00,0.342652051520138,0.0402309241648733,0.422530020486609
12-Sep-2024 03:00:00,0.322374490431627,0.0335028695250766,0.35186783402681
12-Sep-2024 06:00:00,0.318090691902097,0.0321849532311391,0.338026262891259
12-Sep-2024 09:00:00,0.307930882198448,0.0291984460404885,0.306660119292927
12-Sep-2024 12:00:00,0.3171850885903,0.0319108436875473,0.335147395117932
12-Sep-2024 15:00:00,0.321143561654856,0.0331205590597735,0.34785257332649
12-Sep-2024 18:00:00,0.336479143651359,0.0380955677302604,0.400103187974246
12-Sep-2024 21:00:00,0.349852635943722,0.042820866508091,0.44973119505705
13-Sep-2024 00:00:00,0.360967843363403,0.0470333100647284,0.493972879761842
13-Sep-2024 03:00:00,0.327594528594877,0.0351568470029388,0.36923892733656
13-Sep-2024 06:00:00,0.325853774436952,0.034599376104571,0.363384023553025
13-Sep-2024 09:00:00,0.321069219119282,0.0330975628361503,0.347611052778794
13-Sep-2024 12:00:00,0.322525245615112,0.0335498933469137,0.352361707255344
13-Sep-2024 15:00:00,0.327941841493799,0.0352687845539033,0.370414564652482
13-Sep-2024 18:00:00,0.327805463601577,0.0352248022198739,0.369952635007955
13-Sep-2024 21:00:00,0.34004966005238,0.0393212246217312,0.412975793866678
14-Sep-2024 00:00:00,0.357455889630952,0.0456738237191415,0.479694714261641
14-Sep-2024 03:00:00,0.346595731838108,0.0416360604921029,0.437287630296856
14-Sep-2024 06:00:00,0.323375802955713,0.0338160253425716,0.355156789891691
14-Sep-2024 09:00:00,0.335308412263516,0.0376993053218697,0.395941395348026
14-Sep-2024 12:00:00,0.325119868917472,0.0343661224742898,0.360934249822315
14-Sep-2024 15:00:00,0.34491894058658,0.0410346875100208,0.430971639707181
14-Sep-2024 18:00:00,0.322601075172585,0.0335735628592029,0.352610299096571
14-Sep-2024 21:00:00,0.344474543047906,0.0408762830824336,0.429307978545451
15-Sep-2024 00:00:00,0.355351156540506,0.0448717698784787,0.471271049313309
15-Sep-2024 03:00:00,0.38130897834392,0.0554410049651292,0.582275685930368
15-Sep-2024 06:00:00,0.333177786833613,0.0369852123947471,0.388441550256475
15-Sep-2024 09:00:00,0.362477349781277,0.0476258370419989,0.50019596414387
15-Sep-2024 12:00:00,0.341306051262918,0.0397586806911023,0.417570227770205
15-Sep-2024 15:00:00,0.36549418165062,0.0488249045878752,0.51278931230181
15-Sep-2024 18:00:00,0.337431195547348,0.0384198523963479,0.403509025882516
15-Sep-2024 21:00:00,0.372409619546202,0.0516490896941748,0.542450649086726
16-Sep-2024 00:00:00,0.373517696779907,0.0521114969477637,0.547307135741901
16-Sep-2024 03:00:00,0.401165237659461,0.0645609449932399,0.678058930459432
16-Sep-2024 06:00:00,0.338502865915456,0.0387870767824645,0.407365843258948
16-Sep-2024 09:00:00,0.360688994536525,0.046924394093425,0.492828976942271
16-Sep-2024 12:00:00,0.345670748152264,0.0413035983479331,0.43379590746167
16-Sep-2024 15:00:00,0.362111333669178,0.0474817102905832,0.498682255958128
16-Sep-2024 18:00:00,0.34882398379868,0.0424442645843788,0.44577588898729
16-Sep-2024 21:00:00,0.370083754856603,0.0506874059067066,0.532350451816703
17-Sep-2024 00:00:00,0.373002592980174,0.0518961992837397,0.545045946662129
17-Sep-2024 03:00:00,0.402771353586355,0.0653394874873969,0.686235664721308
17-Sep-2024 06:00:00,0.369292659572084,0.0503630502991847,0.528943868837662
17-Sep-2024 09:00:00,0.36717049601228,0.0494997868219981,0.519877342470875
17-Sep-2024 12:00:00,0.362745173877496,0.0477314831491318,0.501305524829781
17-Sep-2024 15:00:00,0.356019388188648,0.0451253879458998,0.473934702944135
17-Sep-2024 18:00:00,0.366815979314402,0.0493565435912385,0.518372913564908
17-Sep-2024 21:00:00,0.363181256757612,0.0479038348490555,0.503115668862297
18-Sep-2024 00:00:00,0.387799886485504,0.0583207409380749,0.612520452236462
18-Sep-2024 03:00:00,0.391180854796304,0.059859457159277,0.628681000619671
18-Sep-2024 06:00:00,0.388414414473486,0.0585984348132709,0.615436964874718
18-Sep-2024 09:00:00,0.3559509774441,0.0450993797985778,0.473661549312969
18-Sep-2024 12:00:00,0.384630622955305,0.056902529799761,0.597625522682512
18-Sep-2024 15:00:00,0.350491112574908,0.0430557372408701,0.452197952597249
18-Sep-2024 18:00:00,0.375796974952124,0.0530713138793496,0.557387726138095
18-Sep-2024 21:00:00,0.336021550953087,0.0379403555173683,0.398473053423413
19-Sep-2024 00:00:00,0.380301052136845,0.0550025191338901,0.577670436831509
19-Sep-2024 03:00:00,0.35848374883252,0.0460689609992069,0.483844690095078
19-Sep-2024 06:00:00,0.388439031161244,0.0586095769651293,0.615553986637224
19-Sep-2024 09:00:00,0.346297490366139,0.0415286709598836,0.436159759083589
19-Sep-2024 12:00:00,0.401167142955666,0.0645618648758428,0.678068591634837
19-Sep-2024 15:00:00,0.365262017953071,0.0487319222188634,0.511812754017381
19-Sep-2024 18:00:00,0.395741539007339,0.0619776228865357,0.650927285702878
19-Sep-2024 21:00:00,0.336872106989131,0.038229195490399,0.401506629267257
20-Sep-2024 00:00:00,0.402587932463398,0.0652502617881578,0.685298561303724
20-Sep-2024 03:00:00,0.370187444974253,0.050730022658048,0.532798039268176
20-Sep-2024 06:00:00,0.396558497258608,0.062362250652519,0.654966884126583
20-Sep-2024 09:00:00,0.338028492995332,0.038624238284516,0.405655612750889
20-Sep-2024 12:00:00,0.397574816053545,0.0628429552625493,0.660015540923323
20-Sep-2024 15:00:00,0.366411036440323,0.0491932639697937,0.516658050105362
20-Sep-2024 18:00:00,0.40204955161703,0.0649888341798448,0.682552887049671
20-Sep-2024 21:00:00,0.34305760949883,0.0403739435150759,0.424032098060653
21-Sep-2024 00:00:00,0.389534546537148,0.0591068669609653,0.620776833402246
21-Sep-2024 03:00:00,0.363524107429605,0.0480396296155241,0.504541869394574
21-Sep-2024 06:00:00,0.387742189829541,0.0582947140264814,0.612247101531325
21-Sep-2024 09:00:00,0.34860452369269,0.0423642044614076,0.44493504811422
21-Sep-2024 12:00:00,0.383972734139407,0.0566110433121888,0.594564151507922
21-Sep-2024 15:00:00,0.36807939437057,0.0498682946692473,0.523747639549052
21-Sep-2024 18:00:00,0.408153954357521,0.06799422458934,0.714117353878475
21-Sep-2024 21:00:00,0.372327076603171,0.0516147539296305,0.54209003367464
22-Sep-2024 00:00:00,0.364053511268685,0.0482498172142142,0.506749389411182
22-Sep-2024 03:00:00,0.356891028558296,0.045457640812769,0.477424227819816
22-Sep-2024 06:00:00,0.377139146983538,0.0536419853658535,0.563381270653638
22-Sep-2024 09:00:00,0.366746372317635,0.049328451230983,0.518077870241876
22-Sep-2024 12:00:00,0.362045145197773,0.0474556782353475,0.498408851231282
22-Sep-2024 15:00:00,0.367915301320914,0.0498016292175911,0.523047477789441
22-Sep-2024 18:00:00,0.392118803207924,0.0602910719284058,0.633214085579263
22-Sep-2024 21:00:00,0.378874352321454,0.054385812473639,0.571193402480465
23-Sep-2024 00:00:00,0.350365594684522,0.0430094964378741,0.451712303116339
23-Sep-2024 03:00:00,0.362407576204928,0.0475983397208438,0.499907170289088
23-Sep-2024 06:00:00,0.350675071281,0.0431235675107081,0.452910347997037
23-Sep-2024 09:00:00,0.364538524945409,0.0484429180496334,0.508777453683612
23-Sep-2024 12:00:00,0.335005104012126,0.0375970934194637,0.39486790280183
23-Sep-2024 15:00:00,0.348309737922446,0.0422568236926292,0.443807268940025
23-Sep-2024 18:00:00,0.357055238963367,0.0455204167200836,0.478083539181767
23-Sep-2024 21:00:00,0.372833303123082,0.0518255709806044,0.544304164588011
24-Sep-2024 00:00:00,0.331052694785874,0.0362820136377549,0.381056122470118
24-Sep-2024 03:00:00,0.348795267825421,0.0424337831259115,0.445665806234958
24-Sep-2024 06:00:00,0.325532448508265,0.0344971211858849,0.36231007922328
24-Sep-2024 09:00:00,0.337424669173726,0.0384176231644494,0.403485613111885
24-Sep-2024 12:00:00,0.33089078886788,0.0362288069997406,0.380497313486311
24-Sep-2024 15:00:00,0.348852205786253,0.0424545674174428,0.44588409570528
24-Sep-2024 18:00:00,0.352310226472249,0.043729624562239,0.459275533577909
24-Sep-2024 21:00:00,0.377717104093039,0.0538889788351758,0.565975348662513
25-Sep-2024 00:00:00,0.339763521469282,0.03922204627286,0.411934161573851
25-Sep-2024 03:00:00,0.340081287701209,0.0393321973151605,0.413091035872068
25-Sep-2024 06:00:00,0.319605502264038,0.0326469596374425,0.342878539600596
25-Sep-2024 09:00:00,0.313835263495581,0.0309104424784653,0.324640563566264
25-Sep-2024 12:00:00,0.321364786398104,0.0331890530598419,0.348571939631214
25-Sep-2024 15:00:00,0.331892704844626,0.0365588999613482,0.383964153702532
25-Sep-2024 18:00:00,0.3368840943491,0.0382332767137371,0.401549492796157
25-Sep-2024 21:00:00,0.355222488787909,0.0448230451783447,0.470759312410089
26-Sep-2024 00:00:00,0.345442968915413,0.0412220013016024,0.432938924869959
26-Sep-2024 03:00:00,0.322703540461992,0.0336055641562439,0.35294639648869
26-Sep-2024 06:00:00,0.323002493776245,0.0336990475255716,0.353928216587958
26-Sep-2024 09:00:00,0.307206168692314,0.0289927757356019,0.304500042686656
26-Sep-2024 12:00:00,0.31575539284087,0.0314812762292822,0.330635812281871
26-Sep-2024 15:00:00,0.314432369568592,0.0310872099115074,0.326497084356057
26-Sep-2024 18:00:00,0.316726047180896,0.0317724966176128,0.333694388717827
26-Sep-2024 21:00:00,0.325523495265376,0.0344942749017891,0.362280185789254
27-Sep-2024 00:00:00,0.343252873207124,0.0404429236552645,0.424756570109258
27-Sep-2024 03:00:00,0.322025019529174,0.033394030979298,0.350724744377934
27-Sep-2024 06:00:00,0.319773533107739,0.0326984785948458,0.343419623519967
27-Sep-2024 09:00:00,0.320857366574587,0.0330320893162893,0.346923409423279
27-Sep-2024 12:00:00,0.31952100938054,0.032621074226539,0.342606675023125
27-Sep-2024 15:00:00,0.327794958097146,0.0352214156766566,0.36991706743886
27-Sep-2024 18:00:00,0.31065145429813,0.0299792092358368,0.314860176730677
27-Sep-2024 21:00:00,0.319901844571684,0.0327378559005841,0.343833188312367
28-Sep-2024 00:00:00,0.3377764885372,0.0385379181149429,0.404749025000912
28-Sep-2024 03:00:00,0.341394654634055,0.0397896529025585,0.417895517069738
28-Sep-2024 06:00:00,0.316945893369053,0.0318387044202085,0.334389743964266
28-Sep-2024 09:00:00,0.340067723429818,0.0393274911639637,0.413041608964711
28-Sep-2024 12:00:00,0.32868692482716,0.0355097230018184,0.37294504908571
28-Sep-2024 15:00:00,0.34413571869586,0.0407557842342701,0.428042425197124
28-Sep-2024 18:00:00,0.311861492032361,0.0303308971951891,0.318553820954732
28-Sep-2024 21:00:00,0.32722617654056,0.0350383876893538,0.367994794440413
29-Sep-2024 00:00:00,0.326997793596954,0.0349650752193619,0.367224821587673
29-Sep-2024 03:00:00,0.351585166191391,0.0434601909479127,0.456445775302545
29-Sep-2024 06:00:00,0.318827018552293,0.0324089793354339,0.340379123443238
29-Sep-2024 09:00:00,0.358712229065964,0.0461571035475637,0.484770417592917
29-Sep-2024 12:00:00,0.342056495976098,0.0400215152610072,0.420330678804126
29-Sep-2024 15:00:00,0.363529368729834,0.0480417154846638,0.504563776480942
29-Sep-2024 18:00:00,0.334760881984912,0.0375149273919104,0.394004944417798
29-Sep-2024 21:00:00,0.347908581722398,0.0421109873669866,0.442275605749566
30-Sep-2024 00:00:00,0.333537215333988,0.037105039280267,0.389700046237976
30-Sep-2024 03:00:00,0.359054273872682,0.0462892667855838,0.486158477569849
30-Sep-2024 06:00:00,0.325668265316759,0.0345403172847511,0.362763751340382
30-Sep-2024 09:00:00,0.362423606658487,0.0476046562835422,0.499973510732957
30-Sep-2024 12:00:00,0.359100009014858,0.0463069575584737,0.486344276996205
30-Sep-2024 15:00:00,0.36363968206479,0.0480854636710735,0.505023246962509
30-Sep-2024 18:00:00,0.340988539399521,0.0396478231841118,0.416405933743356
30-Sep-2024 21:00:00,0.34824395139648,0.0422328846151003,0.44355584595811
01-Oct-2024 00:00:00,0.340124585497023,0.0393472220842782,0.413248835279735
01-Oct-2024 03:00:00,0.358414694503174,0.0460423434876544,0.483565136544295
01-Oct-2024 06:00:00,0.337744991998203,0.0385271385204333,0.404635811039674
01-Oct-2024 09:00:00,0.356110206691503,0.0451599304385115,0.474297489542102
01-Oct-2024 12:00:00,0.363221170306707,0.0479196304511078,0.503281564033668
01-Oct-2024 15:00:00,0.37115325949476,0.051128121516625,0.536979119428822
01-Oct-2024 18:00:00,0.356432213237129,0.045282546522449,0.475585279408568
01-Oct-2024 21:00:00,0.334777875899845,0.0375206409434324,0.394064951665749
02-Oct-2024 00:00:00,0.346397916575126,0.041564811359558,0.436539327888726
02-Oct-2024 03:00:00,0.374199205914019,0.052397260911515,0.550308405435914
02-Oct-2024 06:00:00,0.363646564106133,0.0480881938385572,0.505051920868137
02-Oct-2024 09:00:00,0.342169177081552,0.0400610802543697,0.420746214807911
02-Oct-2024 12:00:00,0.373669569776541,0.0521750886947095,0.54797501555569
02-Oct-2024 15:00:00,0.376123998320886,0.0532099845054057,0.558844130724484
02-Oct-2024 18:00:00,0.368171628420457,0.0499057923464627,0.52414146332146
02-Oct-2024 21:00:00,0.349174940304045,0.0425725047597758,0.447122746536862
03-Oct-2024 00:00:00,0.379460883453255,0.0546387858924399,0.573850285613213
03-Oct-2024 03:00:00,0.371585741674039,0.0513070592730857,0.538858434295996
03-Oct-2024 06:00:00,0.365968008977265,0.0490150409553642,0.514786241900571
03-Oct-2024 09:00:00,0.342628879444976,0.0402227627870011,0.422444304654047
03-Oct-2024 12:00:00,0.368532417558333,0.0500526514463584,0.525683868319
03-Oct-2024 15:00:00,0.364505343825201,0.0484296911020832,0.508638536108752
03-Oct-2024 18:00:00,0.378272242207738,0.0541269332343483,0.568474492772282
03-Oct-2024 21:00:00,0.340382538707334,0.0394368137422624,0.41418978222215
04-Oct-2024 00:00:00,0.380840923618822,0.0552370948602221,0.580134096031744
04-Oct-2024 03:00:00,0.353217763006875,0.0440684329204476,0.462833908273659
04-Oct-2024 06:00:00,0.366284671762431,0.0491423854746316,0.516123692716128
04-Oct-2024 09:00:00,0.330018591965663,0.035943074337393,0.377496372538978
04-Oct-2024 12:00:00,0.366821184072199,0.0493586445834083,0.518394979482681
04-Oct-2024 15:00:00,0.350022364487321,0.0428832194742804,0.45038606443001
04-Oct-2024 18:00:00,0.378196616738365,0.0540944760040673,0.568133606887599
04-Oct-2024 21:00:00,0.323882161157828,0.0339751267446612,0.35682777111024
05-Oct-2024 00:00:00,0.363694907147615,0.0481073748690528,0.505253371900558
05-Oct-2024 03:00:00,0.336586575239543,0.0381320690196293,0.400486547065914
05-Oct-2024 06:00:00,0.355061426880776,0.044762102986705,0.470119259863036
05-Oct-2024 09:00:00,0.31883465814909,0.0324113091016055,0.340403592086916
05-Oct-2024 12:00:00,0.372647442440378,0.0517481031021963,0.543490549068848
05-Oct-2024 15:00:00,0.359166827684694,0.0463328117356364,0.486615813537633
05-Oct-2024 18:00:00,0.394980454536583,0.0616207267099032,0.647178941563277
05-Oct-2024 21:00:00,0.339468133084089,0.039119836943171,0.410860696047918
06-Oct-2024 00:00:00,0.366882364504546,0.0493833456123895,0.518654404949485
06-Oct-2024 03:00:00,0.3329222841062,0.0369001895200083,0.387548587498324
06-Oct-2024 06:00:00,0.343907623903777,0.040674798552454,0.42719186353325
06-Oct-2024 09:00:00,0.309102764655915,0.0295330750070719,0.310174599435776
06-Oct-2024 12:00:00,0.358545545208758,0.046092789574194,0.484094952511029
06-Oct-2024 15:00:00,0.354508712571173,0.0445533884387222,0.467927210735017
06-Oct-2024 18:00:00,0.396258105827767,0.0622206405305746,0.653479607138337
06-Oct-2024 21:00:00,0.355986448290063,0.0451128637276029,0.473803165866043
07-Oct-2024 00:00:00,0.364072048979694,0.0482571882738472,0.506826804833332
07-Oct-2024 03:00:00,0.337738012095272,0.038524749942044,0.404610724713751
07-Oct-2024 06:00:00,0.340307202414109,0.0394106340869942,0.413914827308576
07-Oct-2024 09:00:00,0.315339684189044,0.0313570995693225,0.329331632281886
07-Oct-2024 12:00:00,0.339589088401977,0.0391616680137321,0.411300031794438
07-Oct-2024 15:00:00,0.345713377595396,0.0413188813872787,0.433956419382831
07-Oct-2024 18:00:00,0.389393633577292,0.0590427449642486,0.620103384577772
07-Oct-2024 21:00:00,0.370946633545108,0.0510427779329949,0.53608278838776
08-Oct-2024 00:00:00,0.356157983961901,0.0451781094262693,0.474488416502623
08-Oct-2024 03:00:00,0.345305928351495,0.0411729612626243,0.432423876083379
08-Oct-2024 06:00:00,0.330565128398654,0.0361219438047312,0.379374970191598
08-Oct-2024 09:00:00,0.316697216973868,0.0317638210670631,0.333603272726147
08-Oct-2024 12:00:00,0.326388288818553,0.0347699208572894,0.365175189909649
08-Oct-2024 15:00:00,0.346662716763677,0.0416602055741643,0.437541216865641
08-Oct-2024 18:00:00,0.364973772083561,0.0486166431107336,0.510602021603675
08-Oct-2024 21:00:00,0.363297760368549,0.0479499503364969,0.503600002201832
09-Oct-2024 00:00:00,0.335313412232605,0.0377009918125615,0.395959107915195
09-Oct-2024 03:00:00,0.341646988478298,0.0398779468943158,0.418822835119732
09-Oct-2024 06:00:00,0.314261924517578,0.0310366827725692,0.325966417126957
09-Oct-2024 09:00:00,0.31169541409846,0.0302824659768712,0.31804516637886
09-Oct-2024 12:00:00,0.311520470402179,0.0302315051341445,0.317509944124629
09-Oct-2024 15:00:00,0.342190275579526,0.0400684913316609,0.42082405052023
09-Oct-2024 18:00:00,0.350524662245129,0.043068102553504,0.452327820749895
09-Oct-2024 21:00:00,0.365365574208032,0.0487733822611813,0.512248192996067
10-Oct-2024 00:00:00,0.328538210743634,0.0354615457859049,0.372439062200012
10-Oct-2024 03:00:00,0.328930058494738,0.0355885822124652,0.373773277235617
10-Oct-2024 06:00:00,0.304769505398666,0.0283083483187885,0.297311763111904
10-Oct-2024 09:00:00,0.307911671720168,0.0291929816864386,0.306602729270784
10-Oct-2024 12:00:00,0.303849964950238,0.0280528876087371,0.294628756909779
10-Oct-2024 15:00:00,0.321060764421966,0.033094948236335,0.347583592636218
10-Oct-2024 18:00:00,0.335237468424884,0.0376753813685482,0.395690131209881
10-Oct-2024 21:00:00,0.361434657595706,0.0472160207278937,0.495891820026152
11-Oct-2024 00:00:00,0.34837552312463,0.0422807713328033,0.444058781852129
11-Oct-2024 03:00:00,0.330731549696884,0.0361765274907813,0.379948241784625
11-Oct-2024 06:00:00,0.319933556164397,0.0327475926916013,0.343935450107078
11-Oct-2024 09:00:00,0.307092722460436,0.0289606679165737,0.304162826534818
11-Oct-2024 12:00:00,0.30843517942931,0.0293421356547303,0.308169236394004
11-Oct-2024 15:00:00,0.305268483618555,0.0284476180415613,0.298774459782136
11-Oct-2024 18:00:00,0.322307251370671,0.0334819103760446,0.351647708094988
11-Oct-2024 21:00:00,0.337772362892692,0.0385365060112561,0.404734194215587
12-Oct-2024 00:00:00,0.356498107489614,0.0453076655586211,0.47584909504514
12-Oct-2024 03:00:00,0.332893615484556,0.0368906576875443,0.387448478304965
12-Oct-2024 06:00:00,0.337618925088726,0.0384840126293114,0.404182876287677
12-Oct-2024 09:00:00,0.320032820061201,0.0327780833569065,0.34425568191143
12-Oct-2024 12:00:00,0.322295675759381,0.0334783030138895,0.351609821348984
12-Oct-2024 15:00:00,0.313755638405547,0.0308869210073673,0.324393526545086
12-Oct-2024 18:00:00,0.32070874610604,0.0329862093879947,0.346441550071433
12-Oct-2024 21:00:00,0.336449167382576,0.0380853870584382,0.399996264269089
13-Oct-2024 00:00:00,0.359912058728072,0.0466218167851549,0.489651123116736
13-Oct-2024 03:00:00,0.348747911182718,0.0424165015094429,0.445484304022118
13-Oct-2024 06:00:00,0.345324730245592,0.0411796872271605,0.43249451631828
13-Oct-2024 09:00:00,0.348519474014988,0.0423332050103104,0.444609472727151
13-Oct-2024 12:00:00,0.329232262305763,0.0356867631697274,0.374804434305571
13-Oct-2024 15:00:00,0.333781739077877,0.0371867067764233,0.390557768737281
13-Oct-2024 18:00:00,0.3149442607578,0.0312392857568907,0.328094278837645
13-Oct-2024 21:00:00,0.348668750068584,0.0423876241286273,0.445181015928173
14-Oct-2024 00:00:00,0.351827947935867,0.043550285437664,0.457392003294831
14-Oct-2024 03:00:00,0.369052390742111,0.050264812766136,0.527912117573845
14-Oct-2024 06:00:00,0.337779081373406,0.0385388055947985,0.404758345862645
14-Oct-2024 09:00:00,0.368308326548479,0.0499614014248624,0.524725504218437
14-Oct-2024 12:00:00,0.341338585773737,0.0397700515929371,0.417689652006286
14-Oct-2024 15:00:00,0.363746570241209,0.0481278788312546,0.505468717179072
14-Oct-2024 18:00:00,0.319173435926826,0.0325147348318461,0.341489833002942
14-Oct-2024 21:00:00,0.363984885130358,0.04822253627017,0.506462868082497
15-Oct-2024 00:00:00,0.35231984222247,0.0437332052527122,0.45931314020143
15-Oct-2024 03:00:00,0.388415786896149,0.058599055970219,0.615443488648742
15-Oct-2024 06:00:00,0.338792026991721,0.0388865615808207,0.408410694073592
15-Oct-2024 09:00:00,0.374464543793793,0.0525088018120015,0.551479876883464
15-Oct-2024 12:00:00,0.342289676878011,0.0401034194178104,0.421190886859755
15-Oct-2024 15:00:00,0.371661280183551,0.0513383557918233,0.539187129670956
15-Oct-2024 18:00:00,0.326883959714811,0.0349285719929787,0.366841442152285
15-Oct-2024 21:00:00,0.360421679502024,0.0468201411040579,0.491734047639813
16-Oct-2024 00:00:00,0.355204473410143,0.0448162258200736,0.470687691296485
16-Oct-2024 03:00:00,0.391184858988919,0.05986129537232,0.628700306668707
16-Oct-2024 06:00:00,0.35433146208098,0.0444865932217091,0.467225686099459
16-Oct-2024 09:00:00,0.37014891119197,0.0507141824435871,0.532631675549727
16-Oct-2024 12:00:00,0.359226671251745,0.0463559752005402,0.486859090556581
16-Oct-2024 15:00:00,0.37354056256098,0.0521210679242169,0.54740765604962
16-Oct-2024 18:00:00,0.347383512662477,0.041920611297259,0.440276158649805
16-Oct-2024 21:00:00,0.357877986671161,0.0458358148382607,0.48139604507372
17-Oct-2024 00:00:00,0.370830018070735,0.0509946537057726,0.535577358022034
17-Oct-2024 03:00:00,0.384581167961295,0.0568805834001368,0.597395028035041
17-Oct-2024 06:00:00,0.377371572454178,0.0537412228680675,0.564423524211416
17-Oct-2024 09:00:00,0.372355918140713,0.051626749545379,0.542216019042195
17-Oct-2024 12:00:00,0.387049314903228,0.05798276335485,0.608970802852849
17-Oct-2024 15:00:00,0.383841162864294,0.0565528685940242,0.593953164677067
17-Oct-2024 18:00:00,0.380202452340816,0.0549597490874627,0.577221239380337
17-Oct-2024 21:00:00,0.35613193216562,0.0451681962568335,0.474384302272792
18-Oct-2024 00:00:00,0.383807558527279,0.0565380167063146,0.593797180976755
18-Oct-2024 03:00:00,0.367836514072911,0.049769641748384,0.522711525625778
18-Oct-2024 06:00:00,0.389084236524699,0.058902117546849,0.618626428559776
18-Oct-2024 09:00:00,0.363169374548792,0.0478991331905648,0.503066289140114
18-Oct-2024 12:00:00,0.402409259945776,0.065163424198786,0.684386539291357
18-Oct-2024 15:00:00,0.389669423709559,0.0591682858609463,0.621421892634813
18-Oct-2024 18:00:00,0.412452327162268,0.0701651204434714,0.736917443331089
18-Oct-2024 21:00:00,0.353009050141195,0.0439903602738708,0.462013941105558
19-Oct-2024 00:00:00,0.390541073291551,0.0595662344308986,0.625601394371473
19-Oct-2024 03:00:00,0.357647679695316,0.0457473809328652,0.480467257564257
19-Oct-2024 06:00:00,0.394069343859535,0.0611952836742005,0.642710675961058
19-Oct-2024 09:00:00,0.347299246932394,0.0418901123186693,0.439955839534203
19-Oct-2024 12:00:00,0.381677406916154,0.0556018650069047,0.583965137469397
19-Oct-2024 15:00:00,0.376736492696399,0.0534703554252706,0.561578706983626
19-Oct-2024 18:00:00,0.431404050044738,0.0802883723776209,0.843238089349507
19-Oct-2024 21:00:00,0.356699936217662,0.045384660916988,0.476657747866905
20-Oct-2024 00:00:00,0.381905775460773,0.0557017293086674,0.585013974063275
20-Oct-2024 03:00:00,0.343120930466094,0.0403963040952638,0.424266942688287
20-Oct-2024 06:00:00,0.371157737825037,0.0511299722726521,0.536998557212027
20-Oct-2024 09:00:00,0.32758586104854,0.035154056521003,0.369209619971294
20-Oct-2024 12:00:00,0.388751437110734,0.058751102731099,0.617040377666908
20-Oct-2024 15:00:00,0.389529078392477,0.0591043778336298,0.620750691049171
20-Oct-2024 18:00:00,0.426129656553331,0.077379386144427,0.812686118739299
20-Oct-2024 21:00:00,0.363129822025555,0.047883484911387,0.502901941244589
21-Oct-2024 00:00:00,0.382762560046,0.0560774622763905,0.588960153820392
21-Oct-2024 03:00:00,0.358651670889922,0.0461337306214512,0.48452494068295
21-Oct-2024 06:00:00,0.35648736756498,0.0453035708418982,0.475806089800375
21-Oct-2024 09:00:00,0.335058624694571,0.0376151159232854,0.395057186271376
21-Oct-2024 12:00:00,0.361351767280975,0.0471835430456578,0.495550719342402
21-Oct-2024 15:00:00,0.374650243290052,0.0525869589661807,0.552300731602614
21-Oct-2024 18:00:00,0.408001049781163,0.0679178362536633,0.713315076384025
21-Oct-2024 21:00:00,0.381346216715506,0.0554572495422726,0.582446296515526
22-Oct-2024 00:00:00,0.364639272289121,0.0484830935915222,0.50919940204522
22-Oct-2024 03:00:00,0.35763917548209,0.0457441176411958,0.480432984459063
22-Oct-2024 06:00:00,0.334987289314768,0.0375910957924168,0.394804912017212
22-Oct-2024 09:00:00,0.334331020792789,0.0373705958968674,0.392489085887991
22-Oct-2024 12:00:00,0.34108872250709,0.0396827792789712,0.416773064247655
22-Oct-2024 15:00:00,0.373836444129225,0.0522450213867697,0.548709491892545
22-Oct-2024 18:00:00,0.392040796288324,0.0602550967198753,0.632836251713576
22-Oct-2024 21:00:00,0.384506809230133,0.0568475962133385,0.597048576219603
23-Oct-2024 00:00:00,0.345471193489536,0.0412321063140124,0.433045053953226
23-Oct-2024 03:00:00,0.361495839976907,0.0472400024702346,0.49614369110028
23-Oct-2024 06:00:00,0.336460606600786,0.0380892718818367,0.400037065084487
23-Oct-2024 09:00:00,0.342218165762643,0.040078289464973,0.42092695656962
23-Oct-2024 12:00:00,0.339038030625689,0.0389713320235756,0.409301005635094
23-Oct-2024 15:00:00,0.377589221086788,0.0538342620783629,0.565400679478123
23-Oct-2024 18:00:00,0.382706112726907,0.0560526561228277,0.588699624270285
23-Oct-2024 21:00:00,0.37480344357024,0.0526514962123349,0.552978541633225
24-Oct-2024 00:00:00,0.330615848282526,0.0361385733438896,0.379549623885668
24-Oct-2024 03:00:00,0.35356108553269,0.0441970594892447,0.464184823965434
24-Oct-2024 06:00:00,0.339158792802499,0.0390129905307836,0.409738529014669
24-Oct-2024 09:00:00,0.328951673155582,0.0355955984671099,0.373846966276581
24-Oct-2024 12:00:00,0.325684784238671,0.0345455735329617,0.362818955706432
24-Oct-2024 15:00:00,0.343818115157073,0.0406430475603882,0.426858394998621
24-Oct-2024 18:00:00,0.357802562101943,0.0458068405663749,0.481091739369895
24-Oct-2024 21:00:00,0.361372230076582,0.0471915592943191,0.49563491093833
25-Oct-2024 00:00:00,0.337450510043651,0.0384264502087292,0.403578320184312
25-Oct-2024 03:00:00,0.325010843623837,0.0343315611879493,0.360571265840997
25-Oct-2024 06:00:00,0.326511820877842,0.0348094151583952,0.365589983459678
25-Oct-2024 09:00:00,0.318215784449854,0.0322229393912026,0.338425217012324
25-Oct-2024 12:00:00,0.326333554598589,0.0347524313936494,0.364991504757405
25-Oct-2024 15:00:00,0.324808705291861,0.0342675441611819,0.35989891947578
25-Oct-2024 18:00:00,0.343072598729623,0.040379235927629,0.42408768224697
25-Oct-2024 21:00:00,0.351473867569134,0.04341893043321,0.456012431886143
26-Oct-2024 00:00:00,0.353190281986177,0.0440581478943974,0.462725888575929
26-Oct-2024 03:00:00,0.32547621366305,0.034479246422441,0.362122347414455
26-Oct-2024 06:00:00,0.333497693118223,0.0370918506505793,0.389561531100981
26-Oct-2024 09:00:00,0.325820802845366,0.0345888743289925,0.363273727417839
26-Oct-2024 12:00:00,0.332294907315219,0.0366919722398296,0.385361760984
26-Oct-2024 15:00:00,0.329075710191013,0.035635879498307,0.374270022552076
26-Oct-2024 18:00:00,0.327983432863308,0.0352822051935724,0.370555516501639
26-Oct-2024 21:00:00,0.348560577245611,0.0423481846901267,0.444766798579118
27-Oct-2024 00:00:00,0.358270654433566,0.0459868551589023,0.482982363834716
27-Oct-2024 03:00:00,0.340640100707285,0.0395264051110479,0.415130726127223
27-Oct-2024 06:00:00,0.334622988578348,0.0374685874743278,0.393518253974265
27-Oct-2024 09:00:00,0.340293995167153,0.0394060457112011,0.41386663735127
27-Oct-2024 12:00:00,0.335440093785677,0.0377437383114843,0.396408058055927
27-Oct-2024 15:00:00,0.341226991405242,0.03973105808465,0.417280118091831
27-Oct-2024 18:00:00,0.311379198510217,0.0301903945893244,0.317078175784587
27-Oct-2024 21:00:00,0.334790794876839,0.037524984841621,0.394110573968212
28-Oct-2024 00:00:00,0.34622456712128,0.0415024411905452,0.435884277841088
28-Oct-2024 03:00:00,0.354114813985607,0.0444050420893253,0.466369185724383
28-Oct-2024 06:00:00,0.321965974227821,0.0333756653338625,0.350531857023164
28-Oct-2024 09:00:00,0.34389523120361,0.04067040156573,0.42714568366219
28-Oct-2024 12:00:00,0.332362714631012,0.0367144386558413,0.385597717164841
28-Oct-2024 15:00:00,0.340957386761408,0.0396369575275861,0.416291815905655
28-Oct-2024 18:00:00,0.300323018455428,0.0270873089234999,0.284487653017095
28-Oct-2024 21:00:00,0.340487830624854,0.0394734225150856,0.41457427017146
29-Oct-2024 00:00:00,0.340501793767797,0.0394782790379474,0.414625276374943
29-Oct-2024 03:00:00,0.353097105813566,0.0440232877617656,0.46235976592623
29-Oct-2024 06:00:00,0.317724091612172,0.0320738017232324,0.336858881085152
29-Oct-2024 09:00:00,0.350504484070689,0.043060665253758,0.452249709633154
29-Oct-2024 12:00:00,0.336467801608417,0.0380917154825761,0.400062729289123
29-Oct-2024 15:00:00,0.347593601235111,0.0419967148118041,0.441075444776767
29-Oct-2024 18:00:00,0.305062323765063,0.0283900215590673,0.298169545939532
29-Oct-2024 21:00:00,0.343235595020229,0.0404368166833404,0.424692430917188
30-Oct-2024 00:00:00,0.350718377598798,0.043139546007982,0.453078164047019
30-Oct-2024 03:00:00,0.380735788579686,0.0551913611897756,0.579653772770178
30-Oct-2024 06:00:00,0.353767962385921,0.0442746870901934,0.465000116989397
30-Oct-2024 09:00:00,0.387676745854243,0.0582652016800002,0.611937144635674
30-Oct-2024 12:00:00,0.389690067121807,0.0591776899862241,0.621520660568406
30-Oct-2024 15:00:00,0.401634973491127,0.0647879994122313,0.680443596243266
30-Oct-2024 18:00:00,0.345669244486368,0.0413030593389854,0.433790246456699
30-Oct-2024 21:00:00,0.374964800029832,0.0527195264064594,0.553693036761384
31-Oct-2024 00:00:00,0.382957095318923,0.0561630081807261,0.5898586097585
31-Oct-2024 03:00:00,0.392871564725652,0.0606389663471536,0.636867887696219
31-Oct-2024 06:00:00,0.372045407340273,0.0514977012492209,0.540860674109129
31-Oct-2024 09:00:00,0.405851464886503,0.0668499910671618,0.702099906514203
31-Oct-2024 12:00:00,0.432898490776106,0.0811256547953731,0.852031746578858
31-Oct-2024 15:00:00,0.44954790590432,0.0908506286697174,0.954169430354619
31-Oct-2024 18:00:00,0.405535230360181,0.0666938466957336,0.700459981858531
31-Oct-2024 21:00:00,0.375735214805144,0.0530451522517449,0.557112960562179
01-Nov-2024 00:00:00,0.372001639750305,0.0514795287486193,0.54066981528073
01-Nov-2024 03:00:00,0.363744438917688,0.0481270328399446,0.505459832055677
01-Nov-2024 06:00:00,0.349126017717214,0.0425546128807712,0.446934834969845
01-Nov-2024 09:00:00,0.360892802718423,0.0470039832730025,0.493664871676868
01-Nov-2024 12:00:00,0.397538248285669,0.0628256165241641,0.659833438780824
01-Nov-2024 15:00:00,0.410991645840578,0.0694222975071618,0.729115857933485
01-Nov-2024 18:00:00,0.410473017182143,0.069159817877453,0.726359134700788
01-Nov-2024 21:00:00,0.371672777746515,0.0513431204870179,0.539237171443547
02-Nov-2024 00:00:00,0.372453175226749,0.0516672138852523,0.542641000538657
02-Nov-2024 03:00:00,0.358735309629122,0.0461660137580771,0.484863998128511
02-Nov-2024 06:00:00,0.368244943293202,0.0499356118532389,0.524454646204294
02-Nov-2024 09:00:00,0.338278517406818,0.0387100075074319,0.406556414118694
02-Nov-2024 12:00:00,0.379331751283579,0.0545830234318714,0.573264633801939
02-Nov-2024 15:00:00,0.39936633907607,0.0636963243334821,0.668978150122807
02-Nov-2024 18:00:00,0.41397431173303,0.0709447362209462,0.74510544987745
02-Nov-2024 21:00:00,0.360840275677025,0.0469834623247854,0.493449348000727
03-Nov-2024 00:00:00,0.383324777770162,0.0563249322104491,0.591559235956291
03-Nov-2024 03:00:00,0.345254448864076,0.0411545493548863,0.432230502853328
03-Nov-2024 06:00:00,0.353310928458772,0.0441033128634373,0.463200238983975
03-Nov-2024 09:00:00,0.3183636657217,0.0322678842145497,0.338897255314297
03-Nov-2024 12:00:00,0.372950533568177,0.0518744730924121,0.544817764778235
03-Nov-2024 15:00:00,0.374984284965888,0.0527277454978126,0.553779358736579
03-Nov-2024 18:00:00,0.407679805028597,0.0677575346503923,0.711631489911178
03-Nov-2024 21:00:00,0.35439086775275,0.0445089722594379,0.46746072457959
04-Nov-2024 00:00:00,0.39549794220438,0.0618632432373084,0.649725999962256
04-Nov-2024 03:00:00,0.357208381025698,0.0455790133747412,0.478698957450347
04-Nov-2024 06:00:00,0.369935422118025,0.0506264824926396,0.53171059648332
04-Nov-2024 09:00:00,0.328484647020832,0.0354442040337137,0.372256928404661
04-Nov-2024 12:00:00,0.373831221519977,0.0522428317806657,0.548686495296489
04-Nov-2024 15:00:00,0.365000054151841,0.0486271466431401,0.510712336190154
04-Nov-2024 18:00:00,0.399111034177843,0.0635742440151299,0.667695987197517
04-Nov-2024 21:00:00,0.341565005425883,0.0398492459415959,0.418521399982646
05-Nov-2024 00:00:00,0.367443471262338,0.0496102717198787,0.521037723126652
05-Nov-2024 03:00:00,0.350676830745918,0.0431242166140324,0.452917165281169
05-Nov-2024 06:00:00,0.367793863741806,0.0497523315126932,0.522529722836185
05-Nov-2024 09:00:00,0.337980712278329,0.0386078618577934,0.405483617399993
05-Nov-2024 12:00:00,0.373936639676962,0.0522870407384132,0.549150805083313
05-Nov-2024 15:00:00,0.372191111485914,0.0515582290829181,0.541496374813076
05-Nov-2024 18:00:00,0.381593159427963,0.0555650542068198,0.583578527704972
05-Nov-2024 21:00:00,0.326738761758782,0.0348820480992419,0.366352819477518
06-Nov-2024 00:00:00,0.349701913670643,0.0427655465457074,0.449150190635093
06-Nov-2024 03:00:00,0.36586038492908,0.048971810570578,0.514332209691555
06-Nov-2024 06:00:00,0.373569814902067,0.0521333138445581,0.547536270270647
06-Nov-2024 09:00:00,0.373738248335428,0.052203862527199,0.548277216121142
06-Nov-2024 12:00:00,0.388147796703024,0.0584778471500681,0.614170478735978
06-Nov-2024 15:00:00,0.402212628878668,0.0650679475660521,0.683383784708347
06-Nov-2024 18:00:00,0.401299232201904,0.064625659255201,0.678738599619408
06-Nov-2024 21:00:00,0.364815083992998,0.0485532561309314,0.509936292380934
07-Nov-2024 00:00:00,0.340506173777073,0.039479802531707,0.41464127704763
07-Nov-2024 03:00:00,0.350749513805196,0.0431510366039561,0.453198845384898
07-Nov-2024 06:00:00,0.331275876027837,0.0363554423562834,0.381827316236809
07-Nov-2024 09:00:00,0.331041759778367,0.0362784184609778,0.381018363702484
07-Nov-2024 12:00:00,0.317781106800002,0.0320910716318203,0.337040260334596
07-Nov-2024 15:00:00,0.36355876208053,0.048053369738425,0.50468617665401
07-Nov-2024 18:00:00,0.375759042052519,0.0530552444661668,0.557218955233068
07-Nov-2024 21:00:00,0.38384619700915,0.0565550937258803,0.593976534386519
08-Nov-2024 00:00:00,0.349738202140433,0.0427788612336911,0.449290029714191
08-Nov-2024 03:00:00,0.374697606661349,0.0526069056545529,0.552510224047083
08-Nov-2024 06:00:00,0.347134950023235,0.0418306895526813,0.439331744934055
08-Nov-2024 09:00:00,0.340674066382538,0.0395382299805344,0.415254918212046
08-Nov-2024 12:00:00,0.305683424998777,0.0285637795195429,0.29999445938916
08-Nov-2024 15:00:00,0.323648825826654,0.0339017492468761,0.356057115295441
08-Nov-2024 18:00:00,0.332288503529812,0.0366898509645729,0.385339482040717
08-Nov-2024 21:00:00,0.354444153361155,0.0445290521585236,0.467671616085271
09-Nov-2024 00:00:00,0.334032334565529,0.0372705263920255,0.391438094124598
09-Nov-2024 03:00:00,0.346299824615939,0.0415295107489207,0.436168579066883
09-Nov-2024 06:00:00,0.357008030695144,0.0455023635812679,0.477893933964587
09-Nov-2024 09:00:00,0.359086513639037,0.0463017369545103,0.48628944698806
09-Nov-2024 12:00:00,0.350680060305171,0.0431254080827856,0.452929678822111
09-Nov-2024 15:00:00,0.324299628790805,0.0341066727863754,0.358209348910259
09-Nov-2024 18:00:00,0.331739344508379,0.0365082441790856,0.383432135381764
09-Nov-2024 21:00:00,0.332926369184682,0.036901547873237,0.387562853763131
10-Nov-2024 00:00:00,0.336014025975798,0.0379378066279956,0.398446283412502
10-Nov-2024 03:00:00,0.315984973279601,0.0315499946894807,0.331357536005553
10-Nov-2024 06:00:00,0.342686847711,0.0402431817165678,0.422658756867294
10-Nov-2024 09:00:00,0.347660909164476,0.0420211162332033,0.441331723579646
10-Nov-2024 12:00:00,0.363007758331755,0.0478352139884005,0.502394970189317
10-Nov-2024 15:00:00,0.332873786298047,0.0368840657783703,0.387379246002298
10-Nov-2024 18:00:00,0.349399631884089,0.0426547429649732,0.447986462975102
10-Nov-2024 21:00:00,0.351174050232174,0.0433079123922727,0.454846451832606
11-Nov-2024 00:00:00,0.366669167685901,0.0492973050476013,0.517750753781701
11-Nov-2024 03:00:00,0.328914026930758,0.0355833788616819,0.37371862843103
11-Nov-2024 06:00:00,0.333229824487409,0.0370025448013679,0.388623585898872
11-Nov-2024 09:00:00,0.332606112529341,0.03679515856788,0.386445487550319
11-Nov-2024 12:00:00,0.338579680628655,0.0388134880300562,0.407643230498184
11-Nov-2024 15:00:00,0.322427981864369,0.0335195496340164,0.352043018835967
11-Nov-2024 18:00:00,0.325906829204086,0.0346162790304912,0.363561548523769
11-Nov-2024 21:00:00,0.351097434683081,0.0432795731487696,0.454548815589181
12-Nov-2024 00:00:00,0.358565527880709,0.0461004966153734,0.484175896618952
12-Nov-2024 03:00:00,0.352247062499564,0.0437061085690304,0.45902855408891
12-Nov-2024 06:00:00,0.332791804804029,0.0368568206216119,0.387093100533799
12-Nov-2024 09:00:00,0.350854757866534,0.0431898912820075,0.453606921218448
12-Nov-2024 12:00:00,0.342833616175225,0.0402949108099919,0.423202047764979
12-Nov-2024 15:00:00,0.343661332586956,0.0405874726860628,0.426274713333964
12-Nov-2024 18:00:00,0.299406684298312,0.0268401213728529,0.281891536646244
12-Nov-2024 21:00:00,0.338377331592392,0.0387439400374863,0.406912794513047
13-Nov-2024 00:00:00,0.333373851028799,0.0370505445772757,0.389127709200006
13-Nov-2024 03:00:00,0.354874401142925,0.0446914060105828,0.469376756542784
13-Nov-2024 06:00:00,0.315919413224927,0.03153036093697,0.331151330206836
13-Nov-2024 09:00:00,0.359868785307176,0.0466050023198501,0.489474527214027
13-Nov-2024 12:00:00,0.347408504302365,0.0419296595694714,0.440371189194657
13-Nov-2024 15:00:00,0.367963393043386,0.04982116109791,0.523252613663464
13-Nov-2024 18:00:00,0.301862187422107,0.0275059180293499,0.288884144465957
13-Nov-2024 21:00:00,0.34194285522266,0.0399816397050323,0.41991188107992
14-Nov-2024 00:00:00,0.320300019516323,0.0328602524336616,0.345118672320062
14-Nov-2024 03:00:00,0.343439976791354,0.040509094767133,0.425451540007013
14-Nov-2024 06:00:00,0.300285724369697,0.0270772190777181,0.284381683223126
14-Nov-2024 09:00:00,0.351602927380248,0.0434667777757602,0.456514954237982
14-Nov-2024 12:00:00,0.350302569271862,0.0429862903606816,0.451468578556809
14-Nov-2024 15:00:00,0.389397743807009,0.0590446146543431,0.62012302121825
14-Nov-2024 18:00:00,0.337388050243145,0.0384051167320292,0.403354262832059
14-Nov-2024 21:00:00,0.366377960249652,0.0491799430372378,0.516518145441907
15-Nov-2024 00:00:00,0.347491618848303,0.0419597607188797,0.440687330062413
15-Nov-2024 03:00:00,0.352143662398005,0.0436676308349145,0.458624437153449
15-Nov-2024 06:00:00,0.325123809203773,0.0343673719888443,0.360947372996125
15-Nov-2024 09:00:00,0.344956716826702,0.0410481715998166,0.431113257948768
15-Nov-2024 12:00:00,0.355422204260356,0.0448986897941006,0.471553778898457
15-Nov-2024 15:00:00,0.385493350800367,0.0572862870084715,0.601655977975903
15-Nov-2024 18:00:00,0.36076880514196,0.0469555502398592,0.493156198040577
15-Nov-2024 21:00:00,0.352765269146727,0.0438992866057693,0.461057429177296
16-Nov-2024 00:00:00,0.365600508786634,0.0488675284346769,0.513236974274191
16-Nov-2024 03:00:00,0.347056208195652,0.0418022302069634,0.439032847302971
16-Nov-2024 06:00:00,0.34896513072265,0.0424958089344185,0.446317239595816
16-Nov-2024 09:00:00,0.342093663142572,0.0400345626491219,0.420467710534861
16-Nov-2024 12:00:00,0.373202255546477,0.0519795816193268,0.545921679464573
16-Nov-2024 15:00:00,0.389267337759876,0.0589853138754737,0.619500207802186
16-Nov-2024 18:00:00,0.396790155568421,0.0624716053230196,0.656115394436154
16-Nov-2024 21:00:00,0.340018951758261,0.0393105728361243,0.412863922233496
17-Nov-2024 00:00:00,0.363816807713878,0.0481557639053059,0.505761583454325
17-Nov-2024 03:00:00,0.332795414375989,0.0368580199190765,0.387105696296706
17-Nov-2024 06:00:00,0.362485964503203,0.0476292327832267,0.500231628316153
17-Nov-2024 09:00:00,0.323781337156308,0.0339434074121698,0.356494635084021
17-Nov-2024 12:00:00,0.366963911219422,0.0494162821485937,0.519000324801092
17-Nov-2024 15:00:00,0.368368918031557,0.049986063371694,0.52498451922036
17-Nov-2024 18:00:00,0.402946876104681,0.0654249470156829,0.687133213484779
17-Nov-2024 21:00:00,0.347341988713173,0.0419055803483785,0.440118294338451
18-Nov-2024 00:00:00,0.380609835137696,0.0551366047731874,0.579078687054325
18-Nov-2024 03:00:00,0.336747391457365,0.038186751998143,0.401060861489738
18-Nov-2024 06:00:00,0.354246022035832,0.0444544197867243,0.466887780808305
18-Nov-2024 09:00:00,0.326540821529581,0.0348186912580096,0.365687406788659
18-Nov-2024 12:00:00,0.396894036282675,0.0625206838651551,0.65663084760668
18-Nov-2024 15:00:00,0.39102320017627,0.0597871122298225,0.627921189475407
18-Nov-2024 18:00:00,0.410396809492837,0.0691213047627802,0.72595464617686
18-Nov-2024 21:00:00,0.334122896503442,0.0373008486626278,0.391756557343745
19-Nov-2024 00:00:00,0.363204742019681,0.0479131286122683,0.503213277705301
19-Nov-2024 03:00:00,0.337356890116367,0.0383944767779656,0.403242515461055
19-Nov-2024 06:00:00,0.334313913566071,0.0373648595950738,0.392428839702632
19-Nov-2024 09:00:00,0.307784467949565,0.0291568162162461,0.306222897159578
19-Nov-2024 12:00:00,0.348028992714258,0.0421547262785898,0.442734978821386
19-Nov-2024 15:00:00,0.364187575825162,0.0483031415678735,0.507309434717418
19-Nov-2024 18:00:00,0.385839044800932,0.0574405409531244,0.603276048201663
19-Nov-2024 21:00:00,0.345283893263678,0.0411650796262319,0.432341098268664
20-Nov-2024 00:00:00,0.339931678907365,0.0392803110058824,0.412546093796355
20-Nov-2024 03:00:00,0.342490040181785,0.0401738856801486,0.421930967081311
20-Nov-2024 06:00:00,0.332004601179563,0.0365958895023347,0.384352640714334
20-Nov-2024 09:00:00,0.329351031617847,0.0357253987045926,0.375210208561992
20-Nov-2024 12:00:00,0.330110262876425,0.0359730349193914,0.377811037080954
20-Nov-2024 15:00:00,0.357280582749738,0.0456066573109771,0.478989291147287
20-Nov-2024 18:00:00,0.363693046125284,0.0481066363783093,0.505245615814526
20-Nov-2024 21:00:00,0.34664256337162,0.0416529401925158,0.437464911338972
21-Nov-2024 00:00:00,0.313442368527375,0.0307944960461715,0.323422822501911
21-Nov-2024 03:00:00,0.331053179078957,0.0362821728675776,0.381057794800089
21-Nov-2024 06:00:00,0.31876982798067,0.0323915420842832,0.340195986658815
21-Nov-2024 09:00:00,0.327576778124151,0.0351511324682079,0.369178909762342
21-Nov-2024 12:00:00,0.310486580910238,0.0299315015793384,0.314359121448054
21-Nov-2024 15:00:00,0.341597586660353,0.039860650460104,0.418641177281798
21-Nov-2024 18:00:00,0.334600738689433,0.037461113841261,0.393439761262543
21-Nov-2024 21:00:00,0.334288799466777,0.037356439535977,0.392340407040034
22-Nov-2024 00:00:00,0.294540360874439,0.0255525615904783,0.268368788349561
22-Nov-2024 03:00:00,0.312218223723238,0.0304351008945483,0.319648232583076
22-Nov-2024 06:00:00,0.303605714950221,0.0279852909773819,0.293918815325681
22-Nov-2024 09:00:00,0.309299141085123,0.02958939884957,0.3107661472269
22-Nov-2024 12:00:00,0.307640386084914,0.0291158882038549,0.305793045887873
22-Nov-2024 15:00:00,0.313281298731738,0.0307470469907167,0.322924483207213
22-Nov-2024 18:00:00,0.305879470688762,0.0286187716865629,0.300572021101696
22-Nov-2024 21:00:00,0.310676760972672,0.0299865364434165,0.314937131591472
23-Nov-2024 00:00:00,0.289877523479313,0.0243581122224269,0.255823943148277
23-Nov-2024 03:00:00,0.304918985770372,0.0283500219587593,0.297749445425102
23-Nov-2024 06:00:00,0.317485309443236,0.0320015418807448,0.336099963576781
23-Nov-2024 09:00:00,0.318777595654627,0.0323939100599846,0.340220856602582
23-Nov-2024 12:00:00,0.314488633454232,0.0311039009432467,0.326672383883202
23-Nov-2024 15:00:00,0.296602564211455,0.0260930414348961,0.274045241587338
23-Nov-2024 18:00:00,0.304731970189688,0.0282978902950128,0.297201926485182
23-Nov-2024 21:00:00,0.300707632907737,0.0271915119093311,0.285582057151526
24-Nov-2024 00:00:00,0.294767426042067,0.0256117036115742,0.268989934393408
24-Nov-2024 03:00:00,0.281021157844022,0.0221930533109476,0.233085156873493
24-Nov-2024 06:00:00,0.30509639208435,0.0283995341234977,0.298269452768099
24-Nov-2024 09:00:00,0.309451874413944,0.0296332546396024,0.311226747828191
24-Nov-2024 12:00:00,0.310789624228793,0.0300192290184698,0.315280489212351
24-Nov-2024 15:00:00,0.282646642939541,0.0225803929222032,0.237153236771643
24-Nov-2024 18:00:00,0.286941925126632,0.0236255551959578,0.248130176678157
24-Nov-2024 21:00:00,0.289521643197704,0.024268509547271,0.254882880496717
25-Nov-2024 00:00:00,0.299804358981473,0.0269472113653768,0.283016261908571
25-Nov-2024 03:00:00,0.276535324560162,0.0211471500864284,0.222100435044285
25-Nov-2024 06:00:00,0.295096711302821,0.0256976321817609,0.269892409324696
25-Nov-2024 09:00:00,0.30044214951513,0.027119556402098,0.284826335960019
25-Nov-2024 12:00:00,0.306613541944738,0.0288253106377235,0.302741220767792
25-Nov-2024 15:00:00,0.290715129178998,0.0245698723840614,0.258047979192464
25-Nov-2024 18:00:00,0.27942261857394,0.0218164797263307,0.229130148438419
25-Nov-2024 21:00:00,0.283823972647182,0.0228637374077949,0.240129095611256
26-Nov-2024 00:00:00,0.290390172442614,0.0244875730107147,0.257183620328529
26-Nov-2024 03:00:00,0.28527528280891,0.0232162693517565,0.243831603883098
26-Nov-2024 06:00:00,0.27268599874742,0.0202762911217481,0.212954136175302
26-Nov-2024 09:00:00,0.268848669534617,0.0194322762061519,0.204089770094216
26-Nov-2024 12:00:00,0.279041280076241,0.0217272802735998,0.228193320677881
26-Nov-2024 15:00:00,0.302526003065303,0.0276877795676153,0.290794166695973
26-Nov-2024 18:00:00,0.303965789607001,0.0280849803042818,0.294965814225451
26-Nov-2024 21:00:00,0.333419513586245,0.0370657712156836,0.389287628763675
27-Nov-2024 00:00:00,0.320336693374381,0.0328715410707093,0.345237232560525
27-Nov-2024 03:00:00,0.30390972120938,0.0280694418181595,0.294802619444424
27-Nov-2024 06:00:00,0.276500447200276,0.0211391496935679,0.222016409975773
27-Nov-2024 09:00:00,0.289704267379872,0.0243144627223485,0.255365509131529
27-Nov-2024 12:00:00,0.286354668156839,0.0234807952816762,0.246609818624826
27-Nov-2024 15:00:00,0.298648537908107,0.0266367465716186,0.279755568837504
27-Nov-2024 18:00:00,0.27173268710132,0.0200643756566587,0.210728469038283
27-Nov-2024 21:00:00,0.312664571268164,0.0305658177591479,0.321021101852767
28-Nov-2024 00:00:00,0.303900682479929,0.0280669374111561,0.294776316614837
28-Nov-2024 03:00:00,0.308642078776628,0.0294012236809085,0.308789815349865
28-Nov-2024 06:00:00,0.281192905230182,0.0222337683468964,0.233512771335021
28-Nov-2024 09:00:00,0.318161714857322,0.0322065167126416,0.338252735896047
28-Nov-2024 12:00:00,0.311114043311676,0.0301133342854121,0.31626884086458
28-Nov-2024 15:00:00,0.326542734483079,0.0348193031900228,0.365693833676717
28-Nov-2024 18:00:00,0.280789515627309,0.0221382181690133,0.232509244335418
28-Nov-2024 21:00:00,0.297003294158961,0.026198944733072,0.275157503452476
29-Nov-2024 00:00:00,0.281806485844685,0.0223796326144697,0.235044727988899
29-Nov-2024 03:00:00,0.298940019541405,0.0267148152879445,0.280575494727682
29-Nov-2024 06:00:00,0.281008154801129,0.0221899727898165,0.23305280333741
29-Nov-2024 09:00:00,0.321652644066227,0.0332783187540133,0.349509463100286
29-Nov-2024 12:00:00,0.316108425381153,0.031586987920604,0.331746061773451
29-Nov-2024 15:00:00,0.341216104413355,0.0397272552972034,0.417240178868682
29-Nov-2024 18:00:00,0.306407014632773,0.0287671018106059,0.302129875703638
29-Nov-2024 21:00:00,0.324597153318162,0.0342006311206291,0.359196157384616
30-Nov-2024 00:00:00,0.311787456660161,0.030309300817271,0.318327002451465
30-Nov-2024 03:00:00,0.305244250598113,0.0284408438376346,0.298703312907355
30-Nov-2024 06:00:00,0.282301358245213,0.0224977404976513,0.236285169945834
30-Nov-2024 09:00:00,0.301983688091943,0.0275391451072754,0.28923311576622
30-Nov-2024 12:00:00,0.322032546936409,0.033396372812985,0.350749339762115
30-Nov-2024 15:00:00,0.350245939955772,0.042965446459407,0.451249663028136
30-Nov-2024 18:00:00,0.330229964698176,0.0360121818339802,0.378222182163164
30-Nov-2024 21:00:00,0.332587233706328,0.0367888934106947,0.386379686998907
01-Dec-2024 00:00:00,0.343612031296356,0.0405700072844057,0.42609128089553
01-Dec-2024 03:00:00,0.325090831276079,0.0343569152054197,0.360837549396335
01-Dec-2024 06:00:00,0.318312056743632,0.0322521942087753,0.338732469180275
01-Dec-2024 09:00:00,0.30769983186031,0.0291327697749868,0.305970346577436
01-Dec-2024 12:00:00,0.341603871850123,0.0398628507364404,0.418664285943227
01-Dec-2024 15:00:00,0.356291448552361,0.0452289178142844,0.475022037583286
01-Dec-2024 18:00:00,0.352675261395556,0.043865692584487,0.460704604011201
01-Dec-2024 21:00:00,0.319041598834232,0.0324744600730361,0.34106684260393
02-Dec-2024 00:00:00,0.34866978142584,0.042388000275727,0.4451849664574
02-Dec-2024 03:00:00,0.325004898463153,0.0343296772239068,0.360551479286698
02-Dec-2024 06:00:00,0.341670405046893,0.0398861471891962,0.418908959682758
02-Dec-2024 09:00:00,0.316039171299013,0.0315662319223651,0.331528069456765
02-Dec-2024 12:00:00,0.356274954613778,0.0452226367054241,0.474956069497528
02-Dec-2024 15:00:00,0.355322618867308,0.0448609600101608,0.471157517397833
02-Dec-2024 18:00:00,0.380784085260076,0.0552123670769647,0.579874389575001
02-Dec-2024 21:00:00,0.322323945321214,0.0334871132466408,0.351702351856354
03-Dec-2024 00:00:00,0.353277607541491,0.0440908358286449,0.463069197456198
03-Dec-2024 03:00:00,0.32122780140126,0.0331466296378029,0.348126382643515
03-Dec-2024 06:00:00,0.346260014203441,0.0415151897751829,0.436018171353105
03-Dec-2024 09:00:00,0.306652270694556,0.0288362349033597,0.30285595415458
03-Dec-2024 12:00:00,0.352789209540454,0.0439082248796557,0.461151304451771
03-Dec-2024 15:00:00,0.344580232204379,0.0409139187125906,0.429703251184879
03-Dec-2024 18:00:00,0.383238505571406,0.056286910805618,0.591159911672902
03-Dec-2024 21:00:00,0.324119676022427,0.0340499272534293,0.357613372265528
04-Dec-2024 00:00:00,0.365807777555424,0.0489506885140566,0.514110372804634
04-Dec-2024 03:00:00,0.343792315198866,0.0406338987383928,0.426762308417829
04-Dec-2024 06:00:00,0.358109366309368,0.0459247753184323,0.482330362996802
04-Dec-2024 09:00:00,0.325965140109904,0.0346348628793955,0.363756727586175
04-Dec-2024 12:00:00,0.359469043828123,0.0464498685583028,0.487845216607686
04-Dec-2024 15:00:00,0.350479217099422,0.0430513535255692,0.452151912110874
04-Dec-2024 18:00:00,0.385495028739456,0.0572870350627644,0.601663834504239
04-Dec-2024 21:00:00,0.34107792066345,0.0396790092897501,0.416733469491734
05-Dec-2024 00:00:00,0.361574657798652,0.0472709087675118,0.496468288128382
05-Dec-2024 03:00:00,0.350612500067695,0.0431004879188109,0.452667951864222
05-Dec-2024 06:00:00,0.344316612824009,0.0408200875686424,0.428717778541689
05-Dec-2024 09:00:00,0.333719602121982,0.0371659425611296,0.390339690120009
05-Dec-2024 12:00:00,0.350771108586346,0.0431590072028642,0.453282557538915
05-Dec-2024 15:00:00,0.359000542688569,0.0462684888270535,0.485940254612615
05-Dec-2024 18:00:00,0.384779890594338,0.0569688037969873,0.598321573145858
05-Dec-2024 21:00:00,0.371790428713973,0.0513918930671172,0.539749411211743
06-Dec-2024 00:00:00,0.360161591010797,0.0467188547898046,0.490670276192231
06-Dec-2024 03:00:00,0.371680088978709,0.0513461504818051,0.539268994320751
06-Dec-2024 06:00:00,0.344240700305642,0.0407930943386602,0.428434278963836
06-Dec-2024 09:00:00,0.341497877624526,0.0398257558310056,0.418274692328895
06-Dec-2024 12:00:00,0.32228271336882,0.0334742637907307,0.351567398931915
06-Dec-2024 15:00:00,0.356630429443019,0.04535813503552,0.476379156671879
06-Dec-2024 18:00:00,0.364658139928614,0.0484906200068138,0.509278449108477
06-Dec-2024 21:00:00,0.37876585448687,0.0543391026352345,0.570702826899922
07-Dec-2024 00:00:00,0.343105896582632,0.0403909944216326,0.424211177215464
07-Dec-2024 03:00:00,0.371983179669385,0.0514718653218423,0.540589329238207
07-Dec-2024 06:00:00,0.343279369791704,0.040452290062534,0.424854941905026
07-Dec-2024 09:00:00,0.343896829962769,0.0406709687949909,0.427151641054326
07-Dec-2024 12:00:00,0.30396644279356,0.0280851613585818,0.294967715769565
07-Dec-2024 15:00:00,0.330424920296508,0.0360760002892774,0.378892443008121
07-Dec-2024 18:00:00,0.318969955515088,0.0324525877933419,0.340837126409756
07-Dec-2024 21:00:00,0.347625568846257,0.0420083029836079,0.441197150916293
08-Dec-2024 00:00:00,0.329221185810812,0.0356831614180273,0.374766606484033
08-Dec-2024 03:00:00,0.374012717783383,0.0523189609194819,0.549486050545377
08-Dec-2024 06:00:00,0.366336490636383,0.0491632451792529,0.516342774221312
08-Dec-2024 09:00:00,0.360809491141215,0.0469714383841246,0.493323065147444
08-Dec-2024 12:00:00,0.347354409868495,0.0419100762142985,0.440165512699916
08-Dec-2024 15:00:00,0.364857437839011,0.0485701687201562,0.510113918841672
08-Dec-2024 18:00:00,0.372913457976862,0.0518590038647153,0.544655297391981
08-Dec-2024 21:00:00,0.35947979410084,0.046454036068943,0.487888986379143
09-Dec-2024 00:00:00,0.328568616270301,0.0354713923735912,0.372542477147175
09-Dec-2024 03:00:00,0.327982960018168,0.0352820525974939,0.370553913843348
09-Dec-2024 06:00:00,0.348250106582279,0.0422351240439138,0.443579365823042
09-Dec-2024 09:00:00,0.337842195186139,0.0385604124875984,0.404985274799699
09-Dec-2024 12:00:00,0.334604368319989,0.0374623329492547,0.393452565087865
09-Dec-2024 15:00:00,0.313944003948947,0.030942583993571,0.324978133615125
09-Dec-2024 18:00:00,0.351931841576712,0.0435888776015688,0.45779732204263
09-Dec-2024 21:00:00,0.353167405803599,0.0440495874921941,0.462635981943321
10-Dec-2024 00:00:00,0.361285543255602,0.0471576061734734,0.495278314286766
10-Dec-2024 03:00:00,0.316240569066711,0.0316266176721541,0.332162277907729
10-Dec-2024 06:00:00,0.336191418468185,0.0379979240793248,0.399077674027285
10-Dec-2024 09:00:00,0.323999168699049,0.0340119622007257,0.357214639826996
10-Dec-2024 12:00:00,0.349698209253976,0.0427641875048868,0.449135917148771
10-Dec-2024 15:00:00,0.31923312530092,0.0325329802143781,0.3416814572824
10-Dec-2024 18:00:00,0.336632814145693,0.0381477864681621,0.40065162142074
10-Dec-2024 21:00:00,0.342713216828612,0.0402524723461021,0.42275633279847
11-Dec-2024 00:00:00,0.354171526448853,0.0444263802758845,0.466593292542488
11-Dec-2024 03:00:00,0.329577913802527,0.0357992807392787,0.375986163335031
11-Dec-2024 06:00:00,0.331244222566556,0.0363450220475592,0.381717875716858
11-Dec-2024 09:00:00,0.333501385095199,0.0370930825371331,0.389574469134637
11-Dec-2024 12:00:00,0.340734236851867,0.039559183621887,0.415474986298817
11-Dec-2024 15:00:00,0.333691716762336,0.0371566266647505,0.390241848820819
11-Dec-2024 18:00:00,0.32061919319576,0.0329585844513413,0.346151415919847
11-Dec-2024 21:00:00,0.340365212608247,0.0394307918291065,0.414126536369813
12-Dec-2024 00:00:00,0.326458122824354,0.0347922437392312,0.365409638607012
12-Dec-2024 03:00:00,0.342002618046714,0.0400026066586799,0.420132088980637
12-Dec-2024 06:00:00,0.33969762749795,0.0391992304463561,0.411694535668152
12-Dec-2024 09:00:00,0.373052637515414,0.0519170903152144,0.545265357181281
12-Dec-2024 12:00:00,0.361278101401724,0.0471546921394727,0.495247709301383
12-Dec-2024 15:00:00,0.364481613552225,0.0484202330105199,0.508539201387889
12-Dec-2024 18:00:00,0.308250250704709,0.0292893892301104,0.307615260855586
12-Dec-2024 21:00:00,0.338893713353231,0.038921586784497,0.408778550401383
13-Dec-2024 00:00:00,0.318634403779004,0.0323502765531909,0.339762590557191
13-Dec-2024 03:00:00,0.338338284351718,0.0387305289495558,0.406771942982149
13-Dec-2024 06:00:00,0.310081488114649,0.0298144991994854,0.313130290170062
13-Dec-2024 09:00:00,0.356921835552142,0.0454694136008455,0.477547872913494
13-Dec-2024 12:00:00,0.337081090260401,0.0383003876678461,0.402254333497761
13-Dec-2024 15:00:00,0.361878697836454,0.0473902562156935,0.497721748762757
13-Dec-2024 18:00:00,0.311073807006108,0.0301016521452088,0.316146147810868
13-Dec-2024 21:00:00,0.338022785182037,0.0386222817374545,0.405635063884882
14-Dec-2024 00:00:00,0.321729737544776,0.0333022528614109,0.34976083388281
14-Dec-2024 03:00:00,0.33700619673697,0.0382748643104849,0.40198627143027
14-Dec-2024 06:00:00,0.332791735648971,0.0368567976447687,0.387092859216797
14-Dec-2024 09:00:00,0.374023355588215,0.0523234252708168,0.549532937921199
14-Dec-2024 12:00:00,0.370216882872323,0.0507421260182449,0.532925156234493
14-Dec-2024 15:00:00,0.390704139437236,0.0596408792747778,0.626385360637927
14-Dec-2024 18:00:00,0.351340699009938,0.0433695966435507,0.455494297948429
14-Dec-2024 21:00:00,0.353747836066631,0.044267130986565,0.464920758120884
15-Dec-2024 00:00:00,0.34382989983572,0.0406472269359135,0.426902289382431
15-Dec-2024 03:00:00,0.323669528412385,0.0339082553613133,0.356125446528777
15-Dec-2024 06:00:00,0.321321951585881,0.0331757834911227,0.348432574422506
15-Dec-2024 09:00:00,0.336557647322061,0.0381222380879262,0.40038329654756
15-Dec-2024 12:00:00,0.379912330229364,0.0548340302167138,0.575900862129857
15-Dec-2024 15:00:00,0.395303561568763,0.0617720738065785,0.648768482275708
15-Dec-2024 18:00:00,0.387856089842227,0.0583461016712395,0.612786806324171
15-Dec-2024 21:00:00,0.34935283996081,0.0426376081714789,0.447806502787847
16-Dec-2024 00:00:00,0.368439517270596,0.0500148089111393,0.525286422634783
16-Dec-2024 03:00:00,0.331848788522187,0.0365443893682026,0.383811754488586
16-Dec-2024 06:00:00,0.347815294233908,0.042077121789742,0.441919928534985
16-Dec-2024 09:00:00,0.33176633550013,0.0365171560604431,0.383525733465594
16-Dec-2024 12:00:00,0.386910817464988,0.057920541896074,0.608317314651992
16-Dec-2024 15:00:00,0.400245757383888,0.0641180360351391,0.673407226949637
16-Dec-2024 18:00:00,0.426426672717418,0.0775413013112728,0.814386651853679
16-Dec-2024 21:00:00,0.361754344336103,0.0473414184192381,0.497208824052099
17-Dec-2024 00:00:00,0.382918856935083,0.0561461861795592,0.589681934709511
17-Dec-2024 03:00:00,0.332875494592543,0.0368846336437825,0.387385210075687
17-Dec-2024 06:00:00,0.347846856605264,0.0420885776482071,0.442040245038084
17-Dec-2024 09:00:00,0.312774105412636,0.0305979529036189,0.321358604993286
17-Dec-2024 12:00:00,0.364223180246266,0.0483173098727335,0.507458239008321
17-Dec-2024 15:00:00,0.365424969305449,0.0487971724397114,0.512498052148705
17-Dec-2024 18:00:00,0.408364223920491,0.0680993649351143,0.715221602746136
17-Dec-2024 21:00:00,0.346535127958397,0.0416142235329279,0.437058285060595
18-Dec-2024 00:00:00,0.361118509559414,0.0470922290647519,0.494591683500601
18-Dec-2024 03:00:00,0.322287343259303,0.0334757064781172,0.351582550926148
18-Dec-2024 06:00:00,0.334152208568083,0.0373106665543725,0.3918596709084
18-Dec-2024 09:00:00,0.31531692048938,0.031350309252981,0.329260316184569
18-Dec-2024 12:00:00,0.336516245674174,0.0381081709941521,0.400235555238009
18-Dec-2024 15:00:00,0.327738294512985,0.0352031534066565,0.369725265796778
18-Dec-2024 18:00:00,0.364634588666025,0.0484812253866618,0.509179781003588
18-Dec-2024 21:00:00,0.340355606136811,0.0394274532380534,0.414091472423971
19-Dec-2024 00:00:00,0.366991084348105,0.0494272605668021,0.51911562693165
19-Dec-2024 03:00:00,0.369512831347371,0.0504531831587025,0.52989049981294
19-Dec-2024 06:00:00,0.355188800619878,0.0448102937637333,0.47062538917594
19-Dec-2024 09:00:00,0.338764373669452,0.0388770402099229,0.408310694754063
19-Dec-2024 12:00:00,0.355230486071951,0.0448260726107756,0.470791108375844
19-Dec-2024 15:00:00,0.367199378582324,0.0495114690803024,0.520000036764957
19-Dec-2024 18:00:00,0.370066461629594,0.0506803006946024,0.532275828489542
19-Dec-2024 21:00:00,0.338503506638525,0.0387872970330835,0.407368156467021
20-Dec-2024 00:00:00,0.317964748145016,0.0321467387597354,0.337624910903446
20-Dec-2024 03:00:00,0.33025185802524,0.036019344830962,0.378297412382809
20-Dec-2024 06:00:00,0.326759537355031,0.0348887024192645,0.366422707257475
20-Dec-2024 09:00:00,0.336415258363031,0.0380738729150893,0.399875335622132
20-Dec-2024 12:00:00,0.329150290464664,0.0356601140675415,0.37452454897044
20-Dec-2024 15:00:00,0.358666208094604,0.0461393406552797,0.48458386072413
20-Dec-2024 18:00:00,0.359691005293993,0.0465359659447488,0.488749464551625
20-Dec-2024 21:00:00,0.358529098098653,0.0460864467949785,0.484028336725101
21-Dec-2024 00:00:00,0.317071818902694,0.0318766689347239,0.334788470750413
21-Dec-2024 03:00:00,0.325317546253789,0.0344288458159219,0.361593009106994
21-Dec-2024 06:00:00,0.296925227028035,0.0261782910339084,0.27494058554388
21-Dec-2024 09:00:00,0.316437126666173,0.0316856263882348,0.332782023899949
21-Dec-2024 12:00:00,0.297882627744428,0.026432334936996,0.277608711563959
21-Dec-2024 15:00:00,0.314846017947652,0.0312100607953128,0.327787340235796
21-Dec-2024 18:00:00,0.308118602878503,0.0292518784296452,0.307221299254703
21-Dec-2024 21:00:00,0.330607765858422,0.0361359230159881,0.379521788504658
22-Dec-2024 00:00:00,0.307539174573239,0.0290871608929947,0.305491333921314
22-Dec-2024 03:00:00,0.340880330887304,0.0396100899160787,0.416009635650632
22-Dec-2024 06:00:00,0.326676837175142,0.0348622189831143,0.366144561849399
22-Dec-2024 09:00:00,0.325307503839948,0.0344256575030069,0.361559523475001
22-Dec-2024 12:00:00,0.289760122384648,0.0243285289247491,0.255513241079325
22-Dec-2024 15:00:00,0.313785697079363,0.0308957990199175,0.324486768917778
22-Dec-2024 18:00:00,0.312288930291649,0.0304557830529987,0.319865449388684
22-Dec-2024 21:00:00,0.307223455512812,0.0289976703747481,0.304551449210906
23-Dec-2024 00:00:00,0.277391053450318,0.0213440755592169,0.224168668021252
23-Dec-2024 03:00:00,0.303550249200102,0.0279699558747695,0.293757756603927
23-Dec-2024 06:00:00,0.308156494082046,0.0292626715967578,0.307334655763803
23-Dec-2024 09:00:00,0.311383104930912,0.0301915308681354,0.317090109686659
23-Dec-2024 12:00:00,0.306545075674318,0.0288060050241438,0.302538461286853
23-Dec-2024 15:00:00,0.295157876510819,0.0257136146726157,0.270060267317732
23-Dec-2024 18:00:00,0.296963759726313,0.026188484015249,0.275047638531205
23-Dec-2024 21:00:00,0.287472311799465,0.0237568067277264,0.249508661352778
24-Dec-2024 00:00:00,0.275881066537028,0.0209974080840912,0.220527752024229
24-Dec-2024 03:00:00,0.275680227013995,0.0209515835532993,0.220046474491182
24-Dec-2024 06:00:00,0.295477903671414,0.0257973459370123,0.270939664786104
24-Dec-2024 09:00:00,0.303892027571469,0.0280645394910132,0.294751132176046
24-Dec-2024 12:00:00,0.304958605347246,0.02836107435508,0.2978655245195
24-Dec-2024 15:00:00,0.286524595657951,0.0235226217458008,0.247049105991703
24-Dec-2024 18:00:00,0.30146030923507,0.0273962058603386,0.287731879486162
24-Dec-2024 21:00:00,0.29475370912625,0.0256081282785831,0.268952384037473
25-Dec-2024 00:00:00,0.285834937209837,0.023353174944382,0.245269470997949
25-Dec-2024 03:00:00,0.26646924554473,0.0189208776293348,0.198718746295363
25-Dec-2024 06:00:00,0.28681957654941,0.0235953471243288,0.247812912847181
25-Dec-2024 09:00:00,0.293799953320776,0.0253603455841684,0.266350017099089
25-Dec-2024 12:00:00,0.31048028188565,0.0299296799021612,0.314339989068895
25-Dec-2024 15:00:00,0.29313643911888,0.0251889128514316,0.264549524627713
25-Dec-2024 18:00:00,0.292095491311967,0.0249215219024269,0.261741219685527
25-Dec-2024 21:00:00,0.289434320336643,0.0242465572342501,0.2546523237431
26-Dec-2024 00:00:00,0.28613129812222,0.0234258897771098,0.246033167094918
26-Dec-2024 03:00:00,0.273248858171002,0.0204021091882805,0.214275555241184
26-Dec-2024 06:00:00,0.276058914146771,0.0210380424062236,0.220954518779393
26-Dec-2024 09:00:00,0.279235649342203,0.0217727150335477,0.228670504596721
26-Dec-2024 12:00:00,0.28995997735592,0.0243789036804109,0.256042307885113
26-Dec-2024 15:00:00,0.283839769255882,0.022867555157349,0.240169191975701
26-Dec-2024 18:00:00,0.264896652057104,0.0185878606622604,0.195221196367262
26-Dec-2024 21:00:00,0.281840209936996,0.0223876681618123,0.2351291222715
27-Dec-2024 00:00:00,0.274808787992261,0.0207535239324294,0.21796632999038
27-Dec-2024 03:00:00,0.280125508333804,0.0219815327940548,0.230863637726437
27-Dec-2024 06:00:00,0.283393618154489,0.0227598920541385,0.239038447550872
27-Dec-2024 09:00:00,0.3113354747232,0.0301776783927529,0.316944622432049
27-Dec-2024 12:00:00,0.317050103507666,0.0318701199416252,0.334719689178883
27-Dec-2024 15:00:00,0.314731292569937,0.0311759557288348,0.327429147757329
27-Dec-2024 18:00:00,0.26863072702813,0.0193850561096524,0.203593835467918
27-Dec-2024 21:00:00,0.282503954993336,0.0225462125378174,0.236794253257976
28-Dec-2024 00:00:00,0.262782076346315,0.0181462637762226,0.190583273048878
28-Dec-2024 03:00:00,0.277927858041321,0.0214682300827424,0.225472615530728
28-Dec-2024 06:00:00,0.276486092885797,0.0211358575949136,0.221981834321827
28-Dec-2024 09:00:00,0.313135658265878,0.030704185197018,0.322474322169514
28-Dec-2024 12:00:00,0.311008863729366,0.0300828029996067,0.315948182438639
28-Dec-2024 15:00:00,0.325901997501766,0.0346147394517425,0.363545378916589
28-Dec-2024 18:00:00,0.287814623470438,0.023841774071917,0.250401040894804
28-Dec-2024 21:00:00,0.319074197438614,0.0324844154855946,0.341171400497134
29-Dec-2024 00:00:00,0.306594337949288,0.028819894766716,0.302684339944513
29-Dec-2024 03:00:00,0.300209005830274,0.0270564708983974,0.284163773025551
29-Dec-2024 06:00:00,0.285560161814189,0.0232858908888165,0.244562812277906
29-Dec-2024 09:00:00,0.311380944751954,0.030190902523281,0.317083510420803
29-Dec-2024 12:00:00,0.326037109691094,0.0346578089554757,0.363997721453393
29-Dec-2024 15:00:00,0.347230999300158,0.0418654217449888,0.439696523875425
29-Dec-2024 18:00:00,0.309235400964115,0.0295711093398285,0.310574059496225
29-Dec-2024 21:00:00,0.315172903433155,0.0313073722859727,0.328809365630331
30-Dec-2024 00:00:00,0.31241170351921,0.0304917173237068,0.320242853300069
30-Dec-2024 03:00:00,0.306301767458987,0.0287374685172333,0.301818648549013
30-Dec-2024 06:00:00,0.308437519353786,0.0293428034667068,0.308176250167959
30-Dec-2024 09:00:00,0.311651348243408,0.0302696242661699,0.317910294799389
30-Dec-2024 12:00:00,0.333916200461738,0.0372316660119478,0.391029958404845
30-Dec-2024 15:00:00,0.356445527020981,0.0452876210179682,0.475638574895566
30-Dec-2024 18:00:00,0.339652127879905,0.0391834813419654,0.41152912884395
30-Dec-2024 21:00:00,0.307816786809723,0.0291660020015783,0.30631937195217
31-Dec-2024 00:00:00,0.316831407036663,0.0318042148111612,0.334027512782163
31-Dec-2024 03:00:00,0.299612131564815,0.026895410861879,0.282472221018174
31-Dec-2024 06:00:00,0.325924289110439,0.0346218428541009,0.363619983236681
31-Dec-2024 09:00:00,0.307836636216449,0.0291716446292103,0.306378634313611
31-Dec-2024 12:00:00,0.343608420783925,0.0405687284265966,0.426077849540733
31-Dec-2024 15:00:00,0.353354918940109,0.044119788726866,0.463373278680591
31-Dec-2024 18:00:00,0.357453116002898,0.0456727605288051,0.479683547979882
31-Dec-2024 21:00:00,0.306921478301465,0.0289122469033904,0.303654279139573
01-Jan-2025 00:00:00,0.342620930969165,0.0402199635287408,0.422414905114399
01-Jan-2025 03:00:00,0.316377311666976,0.0316676615163295,0.332593345716393
01-Jan-2025 06:00:00,0.336347529189812,0.0380508817509625,0.399633868212392
01-Jan-2025 09:00:00,0.297185849593886,0.0262472846021044,0.275665198621717
